<?xml version="1.0" encoding="UTF-8"?><InteractionHistory Id="local-9" Version="1"><InteractionEvent Delta="null" EndDate="2018-12-28 14:24:56.282 GMT" Interest="0.7" Kind="propagation" Navigation="org.eclipse.mylyn.core.model.edges.containment" OriginId="org.eclipse.mylyn.core.model.interest.propagation" StartDate="2018-12-28 14:24:56.282 GMT" StructureHandle="=BugTrackerServer/src&amp;lt;server" StructureKind="java"/><InteractionEvent Delta="null" EndDate="2018-12-28 14:24:56.281 GMT" Interest="1.0" Kind="propagation" Navigation="org.eclipse.mylyn.core.model.edges.containment" OriginId="org.eclipse.mylyn.core.model.interest.propagation" StartDate="2018-12-28 14:24:56.281 GMT" StructureHandle="/BugTrackerServer/src/server" StructureKind="resource"/><InteractionEvent Delta="null" EndDate="2018-12-28 14:24:56.280 GMT" Interest="1.0" Kind="propagation" Navigation="null" OriginId="org.eclipse.jdt.ui.CompilationUnitEditor" StartDate="2018-12-28 14:24:56.280 GMT" StructureHandle="/BugTrackerServer/src/server/BugTracker.java" StructureKind="resource"/><InteractionEvent Delta="null" EndDate="2018-12-28 14:24:56.282 GMT" Interest="0.7" Kind="propagation" Navigation="org.eclipse.mylyn.core.model.edges.containment" OriginId="org.eclipse.mylyn.core.model.interest.propagation" StartDate="2018-12-28 14:24:56.282 GMT" StructureHandle="=BugTrackerServer/src" StructureKind="java"/><InteractionEvent Delta="null" EndDate="2018-12-28 14:24:56.280 GMT" Interest="0.7" Kind="propagation" Navigation="org.eclipse.mylyn.core.model.edges.containment" OriginId="org.eclipse.mylyn.core.model.interest.propagation" StartDate="2018-12-28 14:24:56.280 GMT" StructureHandle="=BugTrackerServer/src&amp;lt;server{BugTracker.java[BugTracker" StructureKind="java"/><InteractionEvent Delta="null" EndDate="2018-12-28 14:24:56.281 GMT" Interest="1.0" Kind="propagation" Navigation="org.eclipse.mylyn.core.model.edges.containment" OriginId="org.eclipse.mylyn.core.model.interest.propagation" StartDate="2018-12-28 14:24:56.281 GMT" StructureHandle="=BugTrackerServer" StructureKind="resource"/><InteractionEvent Delta="null" EndDate="2018-12-28 14:24:56.281 GMT" Interest="0.7" Kind="propagation" Navigation="org.eclipse.mylyn.core.model.edges.containment" OriginId="org.eclipse.mylyn.core.model.interest.propagation" StartDate="2018-12-28 14:24:56.281 GMT" StructureHandle="=BugTrackerServer/src&amp;lt;server{BugTracker.java" StructureKind="java"/><InteractionEvent Delta="null" EndDate="2018-12-28 14:24:56.281 GMT" Interest="1.0" Kind="propagation" Navigation="org.eclipse.mylyn.core.model.edges.containment" OriginId="org.eclipse.mylyn.core.model.interest.propagation" StartDate="2018-12-28 14:24:56.281 GMT" StructureHandle="/BugTrackerServer/src" StructureKind="resource"/><InteractionEvent Delta="null" EndDate="2018-12-28 14:24:56.281 GMT" Interest="1.0" Kind="propagation" Navigation="org.eclipse.mylyn.core.model.edges.containment" OriginId="org.eclipse.mylyn.core.model.interest.propagation" StartDate="2018-12-28 14:24:56.281 GMT" StructureHandle="/" StructureKind="resource"/><InteractionEvent Delta="null" EndDate="2018-12-28 14:24:56.279 GMT" Interest="1.0" Kind="edit" Navigation="null" OriginId="org.eclipse.jdt.ui.CompilationUnitEditor" StartDate="2018-12-28 14:24:56.279 GMT" StructureHandle="=BugTrackerServer/src&amp;lt;server{BugTracker.java[BugTracker~assignBugToEmployee~QString;~QString;" StructureKind="java"/></InteractionHistory>