<?xml version="1.0" encoding="UTF-8"?><TaskList Version="2.0"><Task ConnectorKind="local" RepositoryUrl="local" TaskId="12" Handle="local-12" Label="Append to bug problem description" Priority="P3" Kind="task" IssueURL="" Notes="" Estimated="0" EndDate="" CreationDate="2018-12-22 21:07:57.107 +0000" ModificationDate="" DueDate="" Owner="local" Active="false" ScheduledStartDate="2018-12-16 00:00:00.0 +0000" ScheduledEndDate="2018-12-22 23:59:59.999 +0000" Reminded="false" MarkReadPending="false" NotifiedIncoming="true" offlineSyncState="SYNCHRONIZED"/><Task ConnectorKind="local" RepositoryUrl="local" TaskId="11" Handle="local-11" Label="Update bug Status" Priority="P3" Kind="task" IssueURL="" Notes="" Estimated="0" EndDate="" CreationDate="2018-12-22 21:07:43.371 +0000" ModificationDate="" DueDate="" Owner="local" Active="false" ScheduledStartDate="2018-12-16 00:00:00.0 +0000" ScheduledEndDate="2018-12-22 23:59:59.999 +0000" Reminded="false" MarkReadPending="false" NotifiedIncoming="true" offlineSyncState="SYNCHRONIZED"/><Task ConnectorKind="local" RepositoryUrl="local" TaskId="10" Handle="local-10" Label="Update Bug record functionality" Priority="P3" Kind="task" IssueURL="" Notes="Update&#9;any&#9;of&#9;the&#9;following&#9;bug&#9;records&#9;details&#10;• Status&#10;• Append&#9;to&#9;the&#9;Problem&#9;Description&#10;• Change&#9;Assigned&#9;Engineer." Estimated="0" EndDate="" CreationDate="2018-12-22 21:07:22.576 +0000" ModificationDate="" DueDate="" Owner="local" Active="false" ScheduledStartDate="2018-12-16 00:00:00.0 +0000" ScheduledEndDate="2018-12-22 23:59:59.999 +0000" Reminded="false" MarkReadPending="false" NotifiedIncoming="true" offlineSyncState="SYNCHRONIZED"><SubTask Handle="local-12"/><SubTask Handle="local-11"/><SubTask Handle="local-13"/></Task><Task ConnectorKind="local" RepositoryUrl="local" TaskId="16" Handle="local-16" Label="Implement synchronization where needed" Priority="P2" Kind="task" IssueURL="" Notes="" Estimated="0" EndDate="" CreationDate="2018-12-23 04:24:29.326 +0000" ModificationDate="" DueDate="" Owner="local" Active="false" ScheduledStartDate="2018-12-23 00:00:00.0 +0000" ScheduledEndDate="2018-12-29 23:59:59.999 +0000" Reminded="false" MarkReadPending="false" NotifiedIncoming="true" offlineSyncState="SYNCHRONIZED"/><Task ConnectorKind="local" RepositoryUrl="local" TaskId="15" Handle="local-15" Label="Implement logged in user list not allowing to login same users" Priority="P3" Kind="task" IssueURL="" Notes="" Estimated="0" EndDate="" CreationDate="2018-12-23 03:17:31.529 +0000" ModificationDate="" DueDate="" Owner="local" Active="false" ScheduledStartDate="2018-12-23 00:00:00.0 +0000" ScheduledEndDate="2018-12-29 23:59:59.999 +0000" Reminded="false" MarkReadPending="false" NotifiedIncoming="true" offlineSyncState="SYNCHRONIZED"/><Task ConnectorKind="local" RepositoryUrl="local" TaskId="14" Handle="local-14" Label="View all users" Priority="P3" Kind="task" IssueURL="" Notes="" Estimated="0" EndDate="" CreationDate="2018-12-22 21:09:06.43 +0000" ModificationDate="" DueDate="" Owner="local" Active="false" ScheduledStartDate="2018-12-16 00:00:00.0 +0000" ScheduledEndDate="2018-12-22 23:59:59.999 +0000" Reminded="false" MarkReadPending="false" NotifiedIncoming="true" offlineSyncState="SYNCHRONIZED"/><Task ConnectorKind="local" RepositoryUrl="local" TaskId="13" Handle="local-13" Label="Change assigned user" Priority="P3" Kind="task" IssueURL="" Notes="" Estimated="0" EndDate="" CreationDate="2018-12-22 21:08:15.753 +0000" ModificationDate="" DueDate="" Owner="local" Active="false" ScheduledStartDate="2018-12-16 00:00:00.0 +0000" ScheduledEndDate="2018-12-22 23:59:59.999 +0000" Reminded="false" MarkReadPending="false" NotifiedIncoming="true" offlineSyncState="SYNCHRONIZED"/><Task ConnectorKind="local" RepositoryUrl="local" TaskId="5" Handle="local-5" Label="Check if generated Bug ID is unique" Priority="P3" Kind="task" IssueURL="" Notes="" Estimated="0" EndDate="2018-12-23 03:48:48.372 +0000" CreationDate="2018-12-22 21:04:49.368 +0000" ModificationDate="" DueDate="" Owner="local" Active="false" ScheduledStartDate="2018-12-16 00:00:00.0 +0000" ScheduledEndDate="2018-12-22 23:59:59.999 +0000" Reminded="false" MarkReadPending="false" NotifiedIncoming="true" offlineSyncState="SYNCHRONIZED"/><Task ConnectorKind="local" RepositoryUrl="local" TaskId="4" Handle="local-4" Label="Add bug" Priority="P3" Kind="task" IssueURL="" Notes="Add&#9; a&#9; bug record&#9; with&#9; the&#9; following&#9; details&#9; (Note&#9; when&#9; adding&#9; a&#9; bug&#9; report&#9; the&#9;&#10;server&#9;should&#9;assign&#9;a&#9;unique&#9;bug&#9;ID.&#10;• Application&#9;Name&#10;• Date&#9;and&#9;Time&#9;Stamp&#10;• Platform&#9;(e.g.&#9;Window,&#9;Unix&#9;or&#9;Mac)&#10;• Problem&#9;Description&#10;• Status&#9;(Can&#9;be&#9;Open,&#9;Assigned&#9;or&#9;Closed)" Estimated="0" EndDate="" CreationDate="2018-12-22 21:04:24.761 +0000" ModificationDate="" DueDate="" Owner="local" Active="false" ScheduledStartDate="2018-12-16 00:00:00.0 +0000" ScheduledEndDate="2018-12-22 23:59:59.999 +0000" Reminded="false" MarkReadPending="false" NotifiedIncoming="true" offlineSyncState="SYNCHRONIZED"><SubTask Handle="local-5"/><SubTask Handle="local-6"/></Task><Task ConnectorKind="local" RepositoryUrl="local" TaskId="3" Handle="local-3" Label="Login functionality" Priority="P3" Kind="task" IssueURL="" Notes="" Estimated="0" EndDate="2018-12-23 01:25:28.991 +0000" CreationDate="2018-12-22 21:03:52.648 +0000" ModificationDate="" DueDate="" Owner="local" Active="false" ScheduledStartDate="2018-12-16 00:00:00.0 +0000" ScheduledEndDate="2018-12-22 23:59:59.999 +0000" Reminded="false" MarkReadPending="false" NotifiedIncoming="true" offlineSyncState="SYNCHRONIZED"><SubTask Handle="local-15"/></Task><Task ConnectorKind="local" RepositoryUrl="local" TaskId="2" Handle="local-2" Label="Register functionality" Priority="P3" Kind="task" IssueURL="" Notes="Register with the&#9;system (Note Employee&#9;ID&#9;and&#9;Email&#9;must&#9;be&#9;unique)&#10;• Name&#10;• Employee&#9;ID&#10;• Email&#10;• Department&#10;" Estimated="0" EndDate="2018-12-23 01:25:22.114 +0000" CreationDate="2018-12-22 21:02:16.839 +0000" ModificationDate="" DueDate="" Owner="local" Active="false" ScheduledStartDate="2018-12-16 00:00:00.0 +0000" ScheduledEndDate="2018-12-22 23:59:59.999 +0000" Reminded="false" MarkReadPending="false" NotifiedIncoming="true" offlineSyncState="SYNCHRONIZED"/><Task ConnectorKind="local" RepositoryUrl="local" TaskId="9" Handle="local-9" Label="View all UNASSIGNED BUGS" Priority="P3" Kind="task" IssueURL="" Notes="" Estimated="0" EndDate="2018-12-22 21:07:05.829 +0000" CreationDate="2018-12-22 21:06:54.410 +0000" ModificationDate="" DueDate="" Owner="local" Active="false" ScheduledStartDate="2018-12-16 00:00:00.0 +0000" ScheduledEndDate="2018-12-22 23:59:59.999 +0000" Reminded="false" MarkReadPending="false" NotifiedIncoming="true" offlineSyncState="SYNCHRONIZED"/><Task ConnectorKind="local" RepositoryUrl="local" TaskId="8" Handle="local-8" Label="View all bugs " Priority="P3" Kind="task" IssueURL="" Notes="" Estimated="0" EndDate="2018-12-22 21:06:44.67 +0000" CreationDate="2018-12-22 21:06:30.28 +0000" ModificationDate="" DueDate="" Owner="local" Active="false" ScheduledStartDate="2018-12-16 00:00:00.0 +0000" ScheduledEndDate="2018-12-22 23:59:59.999 +0000" Reminded="false" MarkReadPending="false" NotifiedIncoming="true" offlineSyncState="SYNCHRONIZED"/><Task ConnectorKind="local" RepositoryUrl="local" TaskId="7" Handle="local-7" Label="Assigning bug for registered user functionality " Priority="P3" Kind="task" IssueURL="" Notes="" Estimated="0" EndDate="" CreationDate="2018-12-22 21:05:49.753 +0000" ModificationDate="" DueDate="" Owner="local" Active="false" ScheduledStartDate="2018-12-16 00:00:00.0 +0000" ScheduledEndDate="2018-12-22 23:59:59.999 +0000" Reminded="false" MarkReadPending="false" NotifiedIncoming="true" offlineSyncState="SYNCHRONIZED"/><Task ConnectorKind="local" RepositoryUrl="local" TaskId="6" Handle="local-6" Label="Implement Enums for bug Status" Priority="P3" Kind="task" IssueURL="" Notes="" Estimated="0" EndDate="" CreationDate="2018-12-22 21:05:22.713 +0000" ModificationDate="" DueDate="" Owner="local" Active="false" ScheduledStartDate="2018-12-16 00:00:00.0 +0000" ScheduledEndDate="2018-12-22 23:59:59.999 +0000" Reminded="false" MarkReadPending="false" NotifiedIncoming="true" offlineSyncState="SYNCHRONIZED"/><TaskCategory Handle="Uncategorized" Name="Uncategorized"><TaskReference Handle="local-3"/><TaskReference Handle="local-4"/><TaskReference Handle="local-10"/><TaskReference Handle="local-2"/><TaskReference Handle="local-9"/><TaskReference Handle="local-16"/><TaskReference Handle="local-8"/><TaskReference Handle="local-7"/><TaskReference Handle="local-14"/></TaskCategory></TaskList>