<?xml version="1.0" encoding="UTF-8"?><InteractionHistory Id="local-2" Version="1"><InteractionEvent Delta="null" EndDate="2018-12-23 02:26:02.268 GMT" Interest="3.0" Kind="edit" Navigation="null" OriginId="org.eclipse.jdt.ui.CompilationUnitEditor" StartDate="2018-12-23 02:25:23.788 GMT" StructureHandle="=BugTrackerServer/src&amp;lt;server{Register.java[Register^regStatus" StructureKind="java" NumEvents="3" CreationCount="2720"/><InteractionEvent Delta="null" EndDate="2018-12-23 02:30:56.626 GMT" Interest="3.0" Kind="selection" Navigation="null" OriginId="org.eclipse.jdt.ui.CompilationUnitEditor" StartDate="2018-12-23 02:25:22.886 GMT" StructureHandle="=BugTrackerServer/src&amp;lt;server{Register.java[Register^regStatus" StructureKind="java" NumEvents="3" CreationCount="2720"/><InteractionEvent Delta="null" EndDate="2018-12-22 21:27:32.470 GMT" Interest="2.0" Kind="edit" Navigation="null" OriginId="org.eclipse.jdt.ui.CompilationUnitEditor" StartDate="2018-12-22 21:27:31.930 GMT" StructureHandle="=BugTrackerServer/src&amp;lt;server{Employee.java[Employee^password" StructureKind="java" NumEvents="2" CreationCount="151"/><InteractionEvent Delta="null" EndDate="2018-12-22 21:27:21.331 GMT" Interest="1.0" Kind="selection" Navigation="null" OriginId="org.eclipse.jdt.ui.CompilationUnitEditor" StartDate="2018-12-22 21:27:21.331 GMT" StructureHandle="=BugTrackerServer/src&amp;lt;server{Employee.java[Employee^password" StructureKind="java"/><InteractionEvent Delta="null" EndDate="2018-12-23 02:43:14.229 GMT" Interest="74.0" Kind="edit" Navigation="null" OriginId="org.eclipse.jdt.ui.CompilationUnitEditor" StartDate="2018-12-22 21:31:01.388 GMT" StructureHandle="=BugTrackerServer/src&amp;lt;server{Register.java[Register~Register~QEmployeeData;~QClientThread;" StructureKind="java" NumEvents="74" CreationCount="220"/><InteractionEvent Delta="null" EndDate="2018-12-23 02:06:37.340 GMT" Interest="24.623005" Kind="manipulation" Navigation="null" OriginId="org.eclipse.mylyn.core.model.interest.decay.correction" StartDate="2018-12-23 02:06:37.340 GMT" StructureHandle="=BugTrackerServer/src&amp;lt;server{Register.java[Register~Register~QList\&amp;lt;QEmployee;&amp;gt;;" StructureKind="java"/><InteractionEvent Delta="null" EndDate="2018-12-23 02:44:13.910 GMT" Interest="25.0" Kind="selection" Navigation="null" OriginId="org.eclipse.jdt.ui.CompilationUnitEditor" StartDate="2018-12-22 21:30:54.453 GMT" StructureHandle="=BugTrackerServer/src&amp;lt;server{Register.java[Register~Register~QEmployeeData;~QClientThread;" StructureKind="java" NumEvents="25" CreationCount="220"/><InteractionEvent Delta="null" EndDate="2018-12-23 02:01:44.491 GMT" Interest="4.21" Kind="propagation" Navigation="org.eclipse.mylyn.core.model.edges.containment" OriginId="org.eclipse.mylyn.core.model.interest.propagation" StartDate="2018-12-23 01:54:56.551 GMT" StructureHandle="=BugTrackerServer/src&amp;lt;server{EmployeeData.java#" StructureKind="java" NumEvents="4" CreationCount="2239"/><InteractionEvent Delta="null" EndDate="2018-12-23 02:00:27.10 GMT" Interest="1.0" Kind="edit" Navigation="null" OriginId="org.eclipse.jdt.ui.CompilationUnitEditor" StartDate="2018-12-23 02:00:27.10 GMT" StructureHandle="=BugTrackerServer/src&amp;lt;server{BugsData.java[BugsData^bugData" StructureKind="java"/><InteractionEvent Delta="null" EndDate="2018-12-23 01:59:56.298 GMT" Interest="0.75100005" Kind="manipulation" Navigation="null" OriginId="org.eclipse.mylyn.core.model.interest.decay.correction" StartDate="2018-12-23 01:59:56.298 GMT" StructureHandle="=BugTrackerServer/src&amp;lt;server{BugsData.java[BugsData^bugData" StructureKind="java"/><InteractionEvent Delta="null" EndDate="2018-12-23 02:00:31.304 GMT" Interest="4.0" Kind="selection" Navigation="null" OriginId="org.eclipse.jdt.ui.CompilationUnitEditor" StartDate="2018-12-23 01:55:05.195 GMT" StructureHandle="=BugTrackerServer/src&amp;lt;server{BugsData.java[BugsData^bugsData" StructureKind="java" NumEvents="4" CreationCount="2244"/><InteractionEvent Delta="null" EndDate="2018-12-23 01:50:20.407 GMT" Interest="18.0" Kind="edit" Navigation="null" OriginId="org.eclipse.jdt.ui.CompilationUnitEditor" StartDate="2018-12-22 22:13:59.199 GMT" StructureHandle="=BugTrackerServer/src&amp;lt;server{BugTrackerServer.java[BugTrackerServer~BugTrackerServer" StructureKind="java" NumEvents="18" CreationCount="754"/><InteractionEvent Delta="null" EndDate="2018-12-23 01:50:18.478 GMT" Interest="6.172001" Kind="manipulation" Navigation="null" OriginId="org.eclipse.mylyn.core.model.interest.decay.correction" StartDate="2018-12-23 01:50:18.478 GMT" StructureHandle="=BugTrackerServer/src&amp;lt;server{BugTrackerServer.java[BugTrackerServer~BugTrackerServer" StructureKind="java"/><InteractionEvent Delta="null" EndDate="2018-12-23 02:01:54.259 GMT" Interest="11.0" Kind="selection" Navigation="null" OriginId="org.eclipse.jdt.ui.CompilationUnitEditor" StartDate="2018-12-22 22:13:20.906 GMT" StructureHandle="=BugTrackerServer/src&amp;lt;server{BugTrackerServer.java[BugTrackerServer~BugTrackerServer" StructureKind="java" NumEvents="11" CreationCount="754"/><InteractionEvent Delta="null" EndDate="2018-12-23 01:49:10.273 GMT" Interest="6.0" Kind="selection" Navigation="null" OriginId="org.eclipse.jdt.ui.CompilationUnitEditor" StartDate="2018-12-23 01:48:13.713 GMT" StructureHandle="=BugTrackerServer/src&amp;lt;server{BugTrackerServer.java#server.ClientThread" StructureKind="java" NumEvents="6" CreationCount="2145"/><InteractionEvent Delta="null" EndDate="2018-12-23 01:52:19.851 GMT" Interest="3.0" Kind="edit" Navigation="null" OriginId="org.eclipse.jdt.ui.CompilationUnitEditor" StartDate="2018-12-23 01:52:08.81 GMT" StructureHandle="=BugTrackerServer/src&amp;lt;server{BugList.java[BugList^bugData" StructureKind="java" NumEvents="3" CreationCount="2196"/><InteractionEvent Delta="null" EndDate="2018-12-23 01:52:14.53 GMT" Interest="2.0" Kind="selection" Navigation="null" OriginId="org.eclipse.jdt.ui.CompilationUnitEditor" StartDate="2018-12-23 01:52:00.44 GMT" StructureHandle="=BugTrackerServer/src&amp;lt;server{BugList.java[BugList^bugD" StructureKind="java" NumEvents="2" CreationCount="2196"/><InteractionEvent Delta="null" EndDate="2018-12-23 01:57:32.726 GMT" Interest="8.0" Kind="edit" Navigation="null" OriginId="org.eclipse.jdt.ui.CompilationUnitEditor" StartDate="2018-12-23 01:56:32.919 GMT" StructureHandle="=BugTrackerServer/src&amp;lt;server{BugTracker.java[BugTracker~setEmpList~QEmployeeData;" StructureKind="java" NumEvents="8" CreationCount="2272"/><InteractionEvent Delta="null" EndDate="2018-12-23 01:57:27.516 GMT" Interest="5.0" Kind="selection" Navigation="null" OriginId="org.eclipse.jdt.ui.CompilationUnitEditor" StartDate="2018-12-23 01:56:31.818 GMT" StructureHandle="=BugTrackerServer/src&amp;lt;server{BugTracker.java[BugTracker~setEmpList~QEmployeeData;" StructureKind="java" NumEvents="5" CreationCount="2272"/><InteractionEvent Delta="null" EndDate="2018-12-23 01:22:22.879 GMT" Interest="57.0" Kind="edit" Navigation="null" OriginId="org.eclipse.jdt.ui.CompilationUnitEditor" StartDate="2018-12-23 01:05:36.687 GMT" StructureHandle="=BugTrackerServer/src&amp;lt;server{Login.java[Login~authUser~QList\&amp;lt;QEmployee;&amp;gt;;" StructureKind="java" NumEvents="57" CreationCount="1855"/><InteractionEvent Delta="null" EndDate="2018-12-23 02:07:28.221 GMT" Interest="9.0" Kind="selection" Navigation="null" OriginId="org.eclipse.jdt.ui.CompilationUnitEditor" StartDate="2018-12-23 01:05:11.738 GMT" StructureHandle="=BugTrackerServer/src&amp;lt;server{Login.java[Login~authUser~QList\&amp;lt;QEmployee;&amp;gt;;" StructureKind="java" NumEvents="9" CreationCount="1855"/><InteractionEvent Delta="null" EndDate="2018-12-23 02:36:16.663 GMT" Interest="20.0" Kind="edit" Navigation="null" OriginId="org.eclipse.jdt.ui.CompilationUnitEditor" StartDate="2018-12-23 02:35:17.700 GMT" StructureHandle="=BugTrackerServer/src&amp;lt;server{EmployeeData.java[EmployeeData~addNewEmployee~QEmployee;" StructureKind="java" NumEvents="20" CreationCount="2869"/><InteractionEvent Delta="null" EndDate="2018-12-23 02:35:15.594 GMT" Interest="1.0" Kind="selection" Navigation="null" OriginId="org.eclipse.jdt.ui.CompilationUnitEditor" StartDate="2018-12-23 02:35:15.594 GMT" StructureHandle="=BugTrackerServer/src&amp;lt;server{EmployeeData.java[EmployeeData~addNewEmployee~QEmployee;" StructureKind="java"/><InteractionEvent Delta="null" EndDate="2018-12-22 23:03:47.159 GMT" Interest="67.0" Kind="edit" Navigation="null" OriginId="org.eclipse.jdt.ui.CompilationUnitEditor" StartDate="2018-12-22 22:51:44.952 GMT" StructureHandle="=BugTrackerServer/src&amp;lt;server{EmployeeList.java[EmployeeList~isEmployeeValid~QEmployee;" StructureKind="java" NumEvents="67" CreationCount="1022"/><InteractionEvent Delta="null" EndDate="2018-12-22 23:09:43.981 GMT" Interest="15.0" Kind="selection" Navigation="null" OriginId="org.eclipse.jdt.ui.CompilationUnitEditor" StartDate="2018-12-22 22:51:30.442 GMT" StructureHandle="=BugTrackerServer/src&amp;lt;server{EmployeeList.java[EmployeeList~isEmployeeValid~QEmployee;" StructureKind="java" NumEvents="15" CreationCount="1022"/><InteractionEvent Delta="null" EndDate="2018-12-23 01:56:28.867 GMT" Interest="8.0" Kind="edit" Navigation="null" OriginId="org.eclipse.jdt.ui.CompilationUnitEditor" StartDate="2018-12-23 01:56:04.228 GMT" StructureHandle="=BugTrackerServer/src&amp;lt;server{BugTracker.java[BugTracker~getEmpList" StructureKind="java" NumEvents="8" CreationCount="2261"/><InteractionEvent Delta="null" EndDate="2018-12-23 01:57:26.225 GMT" Interest="2.0" Kind="selection" Navigation="null" OriginId="org.eclipse.jdt.ui.CompilationUnitEditor" StartDate="2018-12-23 01:56:03.534 GMT" StructureHandle="=BugTrackerServer/src&amp;lt;server{BugTracker.java[BugTracker~getEmpList" StructureKind="java" NumEvents="2" CreationCount="2261"/><InteractionEvent Delta="null" EndDate="2018-12-23 01:52:33.114 GMT" Interest="13.450001" Kind="manipulation" Navigation="null" OriginId="org.eclipse.mylyn.core.model.interest.decay.correction" StartDate="2018-12-23 01:52:33.114 GMT" StructureHandle="=BugTrackerServer/src&amp;lt;server{BugList.java[BugList~getAllUnassignedBugRecords" StructureKind="java"/><InteractionEvent Delta="null" EndDate="2018-12-23 01:53:31.227 GMT" Interest="4.0" Kind="selection" Navigation="null" OriginId="org.eclipse.jdt.ui.CompilationUnitEditor" StartDate="2018-12-22 23:18:56.841 GMT" StructureHandle="=BugTrackerServer/src&amp;lt;server{BugList.java[BugList~getAllUnassignedBugRecords" StructureKind="java" NumEvents="4" CreationCount="1359"/><InteractionEvent Delta="null" EndDate="2018-12-23 02:04:23.167 GMT" Interest="1.0" Kind="selection" Navigation="null" OriginId="org.eclipse.jdt.ui.CompilationUnitEditor" StartDate="2018-12-23 02:04:23.167 GMT" StructureHandle="=BugTrackerServer/src&amp;lt;server{ClientThread.java[ClientThread~addBug" StructureKind="java"/><InteractionEvent Delta="null" EndDate="2018-12-23 02:44:17.198 GMT" Interest="2889.0" Kind="propagation" Navigation="org.eclipse.mylyn.core.model.edges.containment" OriginId="org.eclipse.mylyn.core.model.interest.propagation" StartDate="2018-12-22 21:20:15.244 GMT" StructureHandle="/" StructureKind="resource" NumEvents="2890" CreationCount="1"/><InteractionEvent Delta="null" EndDate="2018-12-22 23:19:22.375 GMT" Interest="3.624001" Kind="manipulation" Navigation="null" OriginId="org.eclipse.mylyn.core.model.interest.decay.correction" StartDate="2018-12-22 23:19:22.375 GMT" StructureHandle="=BugTrackerServer/src&amp;lt;server{Employee.java" StructureKind="java"/><InteractionEvent Delta="null" EndDate="2018-12-22 23:27:22.771 GMT" Interest="39.836006" Kind="propagation" Navigation="org.eclipse.mylyn.core.model.edges.containment" OriginId="org.eclipse.mylyn.core.model.interest.propagation" StartDate="2018-12-22 21:20:15.245 GMT" StructureHandle="=BugTrackerServer/src&amp;lt;server{Employee.java" StructureKind="java" NumEvents="60" CreationCount="1"/><InteractionEvent Delta="null" EndDate="2018-12-23 02:01:51.574 GMT" Interest="27.0" Kind="selection" Navigation="null" OriginId="org.eclipse.jdt.ui.CompilationUnitEditor" StartDate="2018-12-22 21:20:37.219 GMT" StructureHandle="=BugTrackerServer/src&amp;lt;server{Employee.java" StructureKind="java" NumEvents="27" CreationCount="1"/><InteractionEvent Delta="null" EndDate="2018-12-23 02:09:06.8 GMT" Interest="67.0" Kind="edit" Navigation="null" OriginId="org.eclipse.jdt.ui.CompilationUnitEditor" StartDate="2018-12-23 00:11:53.599 GMT" StructureHandle="=BugTrackerServer/src&amp;lt;server{Login.java[Login~Login~QEmployeeData;~QClientThread;" StructureKind="java" NumEvents="67" CreationCount="1644"/><InteractionEvent Delta="null" EndDate="2018-12-23 02:16:29.992 GMT" Interest="23.0" Kind="selection" Navigation="null" OriginId="org.eclipse.jdt.ui.CompilationUnitEditor" StartDate="2018-12-23 00:11:50.757 GMT" StructureHandle="=BugTrackerServer/src&amp;lt;server{Login.java[Login~Login~QEmployeeData;~QClientThread;" StructureKind="java" NumEvents="23" CreationCount="1644"/><InteractionEvent Delta="null" EndDate="2018-12-23 02:35:07.5 GMT" Interest="10.0" Kind="edit" Navigation="null" OriginId="org.eclipse.jdt.ui.CompilationUnitEditor" StartDate="2018-12-23 02:34:47.628 GMT" StructureHandle="=BugTrackerServer/src&amp;lt;server{Register.java[Register~registerEmployee~QEmployee;" StructureKind="java" NumEvents="10" CreationCount="2855"/><InteractionEvent Delta="null" EndDate="2018-12-23 02:44:09.88 GMT" Interest="11.0" Kind="selection" Navigation="null" OriginId="org.eclipse.jdt.ui.CompilationUnitEditor" StartDate="2018-12-23 02:34:46.906 GMT" StructureHandle="=BugTrackerServer/src&amp;lt;server{Register.java[Register~registerEmployee~QEmployee;" StructureKind="java" NumEvents="11" CreationCount="2855"/><InteractionEvent Delta="null" EndDate="2018-12-23 02:00:55.450 GMT" Interest="0.21000004" Kind="manipulation" Navigation="null" OriginId="org.eclipse.mylyn.core.model.interest.decay.correction" StartDate="2018-12-23 02:00:55.450 GMT" StructureHandle="=BugTrackerServer/src&amp;lt;server{EmployeeData.java#java.util.List" StructureKind="java"/><InteractionEvent Delta="null" EndDate="2018-12-23 02:01:44.491 GMT" Interest="4.0" Kind="selection" Navigation="null" OriginId="org.eclipse.jdt.ui.CompilationUnitEditor" StartDate="2018-12-23 01:54:56.551 GMT" StructureHandle="=BugTrackerServer/src&amp;lt;server{EmployeeData.java#java.util.List" StructureKind="java" NumEvents="4" CreationCount="2239"/><InteractionEvent Delta="null" EndDate="2018-12-22 23:20:15.603 GMT" Interest="1.0" Kind="selection" Navigation="null" OriginId="org.eclipse.jdt.ui.CompilationUnitEditor" StartDate="2018-12-22 23:20:15.603 GMT" StructureHandle="=BugTrackerServer/src&amp;lt;server{Employee.java[Employee~getEmail" StructureKind="java"/><InteractionEvent Delta="null" EndDate="2018-12-23 02:43:17.349 GMT" Interest="3.0" Kind="selection" Navigation="null" OriginId="org.eclipse.jdt.ui.CompilationUnitEditor" StartDate="2018-12-23 02:36:26.313 GMT" StructureHandle="=BugTrackerServer/src&amp;lt;server{EmployeeData.java[EmployeeData~setEmployeList~QList\&amp;lt;QEmployee;&amp;gt;;" StructureKind="java" NumEvents="3" CreationCount="2891"/><InteractionEvent Delta="null" EndDate="2018-12-22 21:27:44.2 GMT" Interest="1.0" Kind="edit" Navigation="null" OriginId="org.eclipse.jdt.ui.CompilationUnitEditor" StartDate="2018-12-22 21:27:44.2 GMT" StructureHandle="=BugTrackerServer/src&amp;lt;server{Employee.java[Employee~setEmail~QString;" StructureKind="java"/><InteractionEvent Delta="null" EndDate="2018-12-22 21:27:43.411 GMT" Interest="1.0" Kind="selection" Navigation="null" OriginId="org.eclipse.jdt.ui.CompilationUnitEditor" StartDate="2018-12-22 21:27:43.411 GMT" StructureHandle="=BugTrackerServer/src&amp;lt;server{Employee.java[Employee~setEmail~QString;" StructureKind="java"/><InteractionEvent Delta="null" EndDate="2018-12-23 02:00:34.710 GMT" Interest="1.0" Kind="selection" Navigation="null" OriginId="org.eclipse.jdt.ui.CompilationUnitEditor" StartDate="2018-12-23 02:00:34.710 GMT" StructureHandle="=BugTrackerServer/src&amp;lt;server{BugsData.java[BugsData~addBug~QBug;" StructureKind="java"/><InteractionEvent Delta="null" EndDate="2018-12-23 01:24:10.383 GMT" Interest="22.0" Kind="propagation" Navigation="null" OriginId="org.eclipse.jdt.ui.CompilationUnitEditor" StartDate="2018-12-22 23:19:26.856 GMT" StructureHandle="/BugTrackerServer/src/server/BugRecord.java" StructureKind="resource" NumEvents="22" CreationCount="1376"/><InteractionEvent Delta="null" EndDate="2018-12-23 00:15:13.438 GMT" Interest="1.0" Kind="edit" Navigation="null" OriginId="org.eclipse.jdt.ui.CompilationUnitEditor" StartDate="2018-12-23 00:15:13.438 GMT" StructureHandle="=BugTrackerServer/src&amp;lt;server{Login.java[Login^password" StructureKind="java"/><InteractionEvent Delta="null" EndDate="2018-12-23 00:15:13.411 GMT" Interest="3.0" Kind="selection" Navigation="null" OriginId="org.eclipse.jdt.ui.CompilationUnitEditor" StartDate="2018-12-23 00:14:19.644 GMT" StructureHandle="=BugTrackerServer/src&amp;lt;server{Login.java[Login^password" StructureKind="java" NumEvents="3" CreationCount="1692"/><InteractionEvent Delta="null" EndDate="2018-12-23 02:16:30.523 GMT" Interest="319.0" Kind="propagation" Navigation="null" OriginId="org.eclipse.jdt.ui.CompilationUnitEditor" StartDate="2018-12-23 00:11:17.313 GMT" StructureHandle="/BugTrackerServer/src/server/Login.java" StructureKind="resource" NumEvents="319" CreationCount="1634"/><InteractionEvent Delta="null" EndDate="2018-12-23 01:58:08.289 GMT" Interest="1.0" Kind="selection" Navigation="null" OriginId="org.eclipse.jdt.ui.CompilationUnitEditor" StartDate="2018-12-23 01:58:08.289 GMT" StructureHandle="=BugTrackerServer/src&amp;lt;server{ClientThread.java[ClientThread^userLoggedIn" StructureKind="java"/><InteractionEvent Delta="null" EndDate="2018-12-23 01:50:46.337 GMT" Interest="1.0" Kind="selection" Navigation="null" OriginId="org.eclipse.jdt.ui.CompilationUnitEditor" StartDate="2018-12-23 01:50:46.337 GMT" StructureHandle="=BugTrackerServer/src&amp;lt;server{ClientThread.java[ClientThread^in" StructureKind="java"/><InteractionEvent Delta="null" EndDate="2018-12-23 01:09:36.874 GMT" Interest="64.0" Kind="edit" Navigation="null" OriginId="org.eclipse.jdt.ui.CompilationUnitEditor" StartDate="2018-12-23 00:11:49.674 GMT" StructureHandle="=BugTrackerServer/src&amp;lt;server{Login.java[Login~setLoginDetails~QClientThread;" StructureKind="java" NumEvents="64" CreationCount="1642"/><InteractionEvent Delta="null" EndDate="2018-12-23 02:16:30.523 GMT" Interest="18.0" Kind="selection" Navigation="null" OriginId="org.eclipse.jdt.ui.CompilationUnitEditor" StartDate="2018-12-23 00:11:48.197 GMT" StructureHandle="=BugTrackerServer/src&amp;lt;server{Login.java[Login~setLoginDetails~QClientThread;" StructureKind="java" NumEvents="18" CreationCount="1642"/><InteractionEvent Delta="null" EndDate="2018-12-23 01:58:29.753 GMT" Interest="1.0" Kind="edit" Navigation="null" OriginId="org.eclipse.jdt.ui.CompilationUnitEditor" StartDate="2018-12-23 01:58:29.753 GMT" StructureHandle="=BugTrackerServer/src&amp;lt;server{ClientThread.java[ClientThread^bugTracker" StructureKind="java"/><InteractionEvent Delta="null" EndDate="2018-12-23 01:58:17.259 GMT" Interest="1.0" Kind="selection" Navigation="null" OriginId="org.eclipse.jdt.ui.CompilationUnitEditor" StartDate="2018-12-23 01:58:17.259 GMT" StructureHandle="=BugTrackerServer/src&amp;lt;server{ClientThread.java[ClientThread^bu" StructureKind="java"/><InteractionEvent Delta="null" EndDate="2018-12-22 21:27:17.11 GMT" Interest="1.0" Kind="selection" Navigation="null" OriginId="org.eclipse.jdt.ui.CompilationUnitEditor" StartDate="2018-12-22 21:27:17.11 GMT" StructureHandle="=BugTrackerServer/src&amp;lt;server{Employee.java[Employee^email" StructureKind="java"/><InteractionEvent Delta="null" EndDate="2018-12-22 23:20:29.862 GMT" Interest="1.0" Kind="selection" Navigation="null" OriginId="org.eclipse.jdt.ui.CompilationUnitEditor" StartDate="2018-12-22 23:20:29.862 GMT" StructureHandle="=BugTrackerServer/src&amp;lt;server{Employee.java[Employee~getAssignedBugId" StructureKind="java"/><InteractionEvent Delta="null" EndDate="2018-12-23 00:17:55.111 GMT" Interest="1.0" Kind="selection" Navigation="null" OriginId="org.eclipse.jdt.ui.CompilationUnitEditor" StartDate="2018-12-23 00:17:55.111 GMT" StructureHandle="=BugTrackerServer/src&amp;lt;server{Login.java#" StructureKind="java"/><InteractionEvent Delta="null" EndDate="2018-12-22 23:20:24.861 GMT" Interest="1.0" Kind="selection" Navigation="null" OriginId="org.eclipse.jdt.ui.CompilationUnitEditor" StartDate="2018-12-22 23:20:24.861 GMT" StructureHandle="=BugTrackerServer/src&amp;lt;server{Employee.java[Employee~getDepartment" StructureKind="java"/><InteractionEvent Delta="null" EndDate="2018-12-23 02:00:32.252 GMT" Interest="2.0" Kind="selection" Navigation="null" OriginId="org.eclipse.jdt.ui.CompilationUnitEditor" StartDate="2018-12-23 02:00:29.644 GMT" StructureHandle="=BugTrackerServer/src&amp;lt;server{BugsData.java[BugsData~BugsData" StructureKind="java" NumEvents="2" CreationCount="2355"/><InteractionEvent Delta="null" EndDate="2018-12-22 23:27:52.553 GMT" Interest="1.2440002" Kind="manipulation" Navigation="null" OriginId="org.eclipse.mylyn.core.model.interest.decay.correction" StartDate="2018-12-22 23:27:52.553 GMT" StructureHandle="=BugTrackerServer/src&amp;lt;server{BugRecord.java[BugRecord" StructureKind="java"/><InteractionEvent Delta="null" EndDate="2018-12-22 23:42:40.578 GMT" Interest="0.28399968" Kind="propagation" Navigation="org.eclipse.mylyn.core.model.edges.containment" OriginId="org.eclipse.mylyn.core.model.interest.propagation" StartDate="2018-12-22 23:42:40.578 GMT" StructureHandle="=BugTrackerServer/src&amp;lt;server{BugRecord.java[BugRecord" StructureKind="java"/><InteractionEvent Delta="null" EndDate="2018-12-22 23:31:16.272 GMT" Interest="6.0" Kind="selection" Navigation="null" OriginId="org.eclipse.jdt.ui.CompilationUnitEditor" StartDate="2018-12-22 23:19:31.187 GMT" StructureHandle="=BugTrackerServer/src&amp;lt;server{BugRecord.java[BugRecord" StructureKind="java" NumEvents="6" CreationCount="1378"/><InteractionEvent Delta="null" EndDate="2018-12-23 02:36:45.29 GMT" Interest="1.4400008" Kind="manipulation" Navigation="null" OriginId="org.eclipse.mylyn.core.model.interest.decay.correction" StartDate="2018-12-23 02:29:12.928 GMT" StructureHandle="=BugTrackerServer/src&amp;lt;server{ClientThread.java[ClientThread~sendMessage~QString;" StructureKind="java" NumEvents="2" CreationCount="2576"/><InteractionEvent Delta="null" EndDate="2018-12-23 02:36:45.29 GMT" Interest="5.0" Kind="selection" Navigation="null" OriginId="org.eclipse.jdt.ui.CompilationUnitEditor" StartDate="2018-12-23 02:15:15.180 GMT" StructureHandle="=BugTrackerServer/src&amp;lt;server{ClientThread.java[ClientThread~sendMessage~QString;" StructureKind="java" NumEvents="5" CreationCount="2576"/><InteractionEvent Delta="null" EndDate="2018-12-22 23:46:26.899 GMT" Interest="12.0" Kind="edit" Navigation="null" OriginId="org.eclipse.ui.DefaultTextEditor" StartDate="2018-12-22 21:20:39.94 GMT" StructureHandle="/BugTrackerServer/bugRecords.dat" StructureKind="resource" NumEvents="12" CreationCount="5"/><InteractionEvent Delta="null" EndDate="2018-12-22 23:31:01.988 GMT" Interest="17.499" Kind="manipulation" Navigation="null" OriginId="org.eclipse.mylyn.core.model.interest.decay.correction" StartDate="2018-12-22 22:30:41.214 GMT" StructureHandle="/BugTrackerServer/bugRecords.dat" StructureKind="resource" NumEvents="2" CreationCount="5"/><InteractionEvent Delta="null" EndDate="2018-12-22 23:29:07.76 GMT" Interest="1.0" Kind="prediction" Navigation="null" OriginId="org.eclipse.mylyn.resources.ui.interest.updater" StartDate="2018-12-22 23:29:07.76 GMT" StructureHandle="/BugTrackerServer/bugRecords.dat" StructureKind="resource"/><InteractionEvent Delta="null" EndDate="2018-12-23 00:05:59.51 GMT" Interest="12.0" Kind="selection" Navigation="null" OriginId="org.eclipse.jdt.ui.PackageExplorer" StartDate="2018-12-22 21:20:39.43 GMT" StructureHandle="/BugTrackerServer/bugRecords.dat" StructureKind="resource" NumEvents="12" CreationCount="5"/><InteractionEvent Delta="null" EndDate="2018-12-23 01:57:23.538 GMT" Interest="5.0" Kind="edit" Navigation="null" OriginId="org.eclipse.jdt.ui.CompilationUnitEditor" StartDate="2018-12-23 01:55:16.617 GMT" StructureHandle="=BugTrackerServer/src&amp;lt;server{BugTracker.java[BugTracker^empData" StructureKind="java" NumEvents="5" CreationCount="2247"/><InteractionEvent Delta="null" EndDate="2018-12-23 01:57:21.837 GMT" Interest="4.0" Kind="selection" Navigation="null" OriginId="org.eclipse.jdt.ui.CompilationUnitEditor" StartDate="2018-12-23 01:55:16.111 GMT" StructureHandle="=BugTrackerServer/src&amp;lt;server{BugTracker.java[BugTracker^empData" StructureKind="java" NumEvents="4" CreationCount="2247"/><InteractionEvent Delta="null" EndDate="2018-12-22 21:20:48.526 GMT" Interest="5.0" Kind="edit" Navigation="null" OriginId="org.eclipse.jdt.ui.CompilationUnitEditor" StartDate="2018-12-22 21:20:15.244 GMT" StructureHandle="=BugTrackerServer/src&amp;lt;server{Employee.java[Employee~setAssignedBugId~QString;" StructureKind="java" NumEvents="5" CreationCount="1"/><InteractionEvent Delta="null" EndDate="2018-12-22 21:27:40.51 GMT" Interest="3.0" Kind="selection" Navigation="null" OriginId="org.eclipse.jdt.ui.CompilationUnitEditor" StartDate="2018-12-22 21:25:48.875 GMT" StructureHandle="=BugTrackerServer/src&amp;lt;server{Employee.java[Employee~setAssignedBugId~QString;" StructureKind="java" NumEvents="3" CreationCount="1"/><InteractionEvent Delta="null" EndDate="2018-12-23 01:49:10.274 GMT" Interest="6.034" Kind="propagation" Navigation="org.eclipse.mylyn.core.model.edges.containment" OriginId="org.eclipse.mylyn.core.model.interest.propagation" StartDate="2018-12-23 01:48:01.597 GMT" StructureHandle="=BugTrackerServer/src&amp;lt;server{BugTrackerServer.java#" StructureKind="java" NumEvents="8" CreationCount="2143"/><InteractionEvent Delta="null" EndDate="2018-12-23 02:44:17.198 GMT" Interest="457.0" Kind="propagation" Navigation="null" OriginId="org.eclipse.jdt.ui.CompilationUnitEditor" StartDate="2018-12-22 21:20:55.472 GMT" StructureHandle="/BugTrackerServer/src/server/Register.java" StructureKind="resource" NumEvents="457" CreationCount="19"/><InteractionEvent Delta="null" EndDate="2018-12-23 02:00:37.772 GMT" Interest="1.0" Kind="edit" Navigation="null" OriginId="org.eclipse.jdt.ui.CompilationUnitEditor" StartDate="2018-12-23 02:00:37.772 GMT" StructureHandle="=BugTrackerServer/src&amp;lt;server{BugsData.java[BugsData~loadBugRecords" StructureKind="java"/><InteractionEvent Delta="null" EndDate="2018-12-23 02:00:36.744 GMT" Interest="1.0" Kind="selection" Navigation="null" OriginId="org.eclipse.jdt.ui.CompilationUnitEditor" StartDate="2018-12-23 02:00:36.744 GMT" StructureHandle="=BugTrackerServer/src&amp;lt;server{BugsData.java[BugsData~loadBugRecords" StructureKind="java"/><InteractionEvent Delta="null" EndDate="2018-12-23 02:43:57.878 GMT" Interest="90.0" Kind="edit" Navigation="null" OriginId="org.eclipse.jdt.ui.CompilationUnitEditor" StartDate="2018-12-23 01:59:24.457 GMT" StructureHandle="=BugTrackerServer/src&amp;lt;server{ClientThread.java[ClientThread~run" StructureKind="java" NumEvents="90" CreationCount="2185"/><InteractionEvent Delta="null" EndDate="2018-12-23 01:57:59.359 GMT" Interest="1.1760001" Kind="manipulation" Navigation="null" OriginId="org.eclipse.mylyn.core.model.interest.decay.correction" StartDate="2018-12-23 01:57:59.359 GMT" StructureHandle="=BugTrackerServer/src&amp;lt;server{ClientThread.java[ClientThread~run" StructureKind="java"/><InteractionEvent Delta="null" EndDate="2018-12-23 02:43:45.545 GMT" Interest="21.0" Kind="selection" Navigation="null" OriginId="org.eclipse.jdt.ui.CompilationUnitEditor" StartDate="2018-12-23 01:51:01.777 GMT" StructureHandle="=BugTrackerServer/src&amp;lt;server{ClientThread.java[ClientThread~run" StructureKind="java" NumEvents="21" CreationCount="2185"/><InteractionEvent Delta="null" EndDate="2018-12-22 22:30:48.108 GMT" Interest="23.0" Kind="edit" Navigation="null" OriginId="org.eclipse.jdt.ui.CompilationUnitEditor" StartDate="2018-12-22 21:28:04.352 GMT" StructureHandle="=BugTrackerServer/src&amp;lt;server{EmployeeList.java[EmployeeList~loadEmployeeList" StructureKind="java" NumEvents="23" CreationCount="168"/><InteractionEvent Delta="null" EndDate="2018-12-22 22:31:29.866 GMT" Interest="13.0" Kind="selection" Navigation="null" OriginId="org.eclipse.jdt.ui.CompilationUnitEditor" StartDate="2018-12-22 21:28:03.446 GMT" StructureHandle="=BugTrackerServer/src&amp;lt;server{EmployeeList.java[EmployeeList~loadEmployeeList" StructureKind="java" NumEvents="13" CreationCount="168"/><InteractionEvent Delta="null" EndDate="2018-12-22 23:03:30.665 GMT" Interest="1.0" Kind="edit" Navigation="null" OriginId="org.eclipse.jdt.ui.CompilationUnitEditor" StartDate="2018-12-22 23:03:30.665 GMT" StructureHandle="=BugTrackerServer/src&amp;lt;server{EmployeeList.java[EmployeeList" StructureKind="java"/><InteractionEvent Delta="null" EndDate="2018-12-22 23:29:08.507 GMT" Interest="223.402" Kind="propagation" Navigation="org.eclipse.mylyn.core.model.edges.containment" OriginId="org.eclipse.mylyn.core.model.interest.propagation" StartDate="2018-12-22 21:21:34.755 GMT" StructureHandle="=BugTrackerServer/src&amp;lt;server{EmployeeList.java[EmployeeList" StructureKind="java" NumEvents="305" CreationCount="31"/><InteractionEvent Delta="null" EndDate="2018-12-22 23:09:59.476 GMT" Interest="11.0" Kind="selection" Navigation="null" OriginId="org.eclipse.jdt.ui.CompilationUnitEditor" StartDate="2018-12-22 21:34:54.234 GMT" StructureHandle="=BugTrackerServer/src&amp;lt;server{EmployeeList.java[EmployeeList" StructureKind="java" NumEvents="11" CreationCount="31"/><InteractionEvent Delta="null" EndDate="2018-12-23 02:26:14.689 GMT" Interest="17.0" Kind="edit" Navigation="null" OriginId="org.eclipse.jdt.ui.CompilationUnitEditor" StartDate="2018-12-22 21:21:06.602 GMT" StructureHandle="=BugTrackerServer/src&amp;lt;server{Register.java[Register" StructureKind="java" NumEvents="17" CreationCount="20"/><InteractionEvent Delta="null" EndDate="2018-12-23 02:06:36.381 GMT" Interest="21.621004" Kind="manipulation" Navigation="null" OriginId="org.eclipse.mylyn.core.model.interest.decay.correction" StartDate="2018-12-23 02:06:36.381 GMT" StructureHandle="=BugTrackerServer/src&amp;lt;server{Register.java[Register" StructureKind="java"/><InteractionEvent Delta="null" EndDate="2018-12-23 02:44:17.198 GMT" Interest="100.909" Kind="propagation" Navigation="org.eclipse.mylyn.core.model.edges.containment" OriginId="org.eclipse.mylyn.core.model.interest.propagation" StartDate="2018-12-22 21:20:55.498 GMT" StructureHandle="=BugTrackerServer/src&amp;lt;server{Register.java[Register" StructureKind="java" NumEvents="141" CreationCount="20"/><InteractionEvent Delta="null" EndDate="2018-12-23 02:30:57.956 GMT" Interest="21.0" Kind="selection" Navigation="null" OriginId="org.eclipse.jdt.ui.CompilationUnitEditor" StartDate="2018-12-22 21:21:05.388 GMT" StructureHandle="=BugTrackerServer/src&amp;lt;server{Register.java[Register" StructureKind="java" NumEvents="21" CreationCount="20"/><InteractionEvent Delta="null" EndDate="2018-12-23 01:43:02.331 GMT" Interest="453.0" Kind="edit" Navigation="null" OriginId="org.eclipse.jdt.ui.CompilationUnitEditor" StartDate="2018-12-22 21:24:10.204 GMT" StructureHandle="=BugTrackerServer/src&amp;lt;server{BugTrackerServer.java[BugTrackerServer[ClientThread~run" StructureKind="java" NumEvents="453" CreationCount="75"/><InteractionEvent Delta="null" EndDate="2018-12-23 01:45:42.757 GMT" Interest="39.0" Kind="selection" Navigation="null" OriginId="org.eclipse.jdt.ui.CompilationUnitEditor" StartDate="2018-12-22 21:24:08.848 GMT" StructureHandle="=BugTrackerServer/src&amp;lt;server{BugTrackerServer.java[BugTrackerServer[ClientThread~run" StructureKind="java" NumEvents="39" CreationCount="75"/><InteractionEvent Delta="null" EndDate="2018-12-23 02:43:57.879 GMT" Interest="213.0" Kind="propagation" Navigation="null" OriginId="org.eclipse.jdt.ui.CompilationUnitEditor" StartDate="2018-12-23 01:42:27.861 GMT" StructureHandle="/BugTrackerServer/src/server/ClientThread.java" StructureKind="resource" NumEvents="213" CreationCount="2078"/><InteractionEvent Delta="null" EndDate="2018-12-23 02:31:43.922 GMT" Interest="3.0" Kind="edit" Navigation="null" OriginId="org.eclipse.jdt.ui.CompilationUnitEditor" StartDate="2018-12-23 02:31:20.979 GMT" StructureHandle="=BugTrackerServer/src&amp;lt;server{Register.java[Register^employeeDataValid" StructureKind="java" NumEvents="3" CreationCount="2806"/><InteractionEvent Delta="null" EndDate="2018-12-23 02:31:23.68 GMT" Interest="2.0" Kind="selection" Navigation="null" OriginId="org.eclipse.jdt.ui.CompilationUnitEditor" StartDate="2018-12-23 02:31:05.478 GMT" StructureHandle="=BugTrackerServer/src&amp;lt;server{Register.java[Register^employeeDataValid" StructureKind="java" NumEvents="2" CreationCount="2806"/><InteractionEvent Delta="null" EndDate="2018-12-23 01:25:53.398 GMT" Interest="29.003002" Kind="manipulation" Navigation="null" OriginId="org.eclipse.mylyn.core.model.interest.decay.correction" StartDate="2018-12-22 21:33:50.376 GMT" StructureHandle="/BugTrackerServer/src/server/BugTracker.java" StructureKind="resource" NumEvents="4" CreationCount="12"/><InteractionEvent Delta="null" EndDate="2018-12-23 02:42:09.900 GMT" Interest="129.0" Kind="propagation" Navigation="null" OriginId="org.eclipse.jdt.ui.CompilationUnitEditor" StartDate="2018-12-22 21:20:45.725 GMT" StructureHandle="/BugTrackerServer/src/server/BugTracker.java" StructureKind="resource" NumEvents="129" CreationCount="12"/><InteractionEvent Delta="null" EndDate="2018-12-23 00:14:13.510 GMT" Interest="1.0" Kind="selection" Navigation="null" OriginId="org.eclipse.jdt.ui.CompilationUnitEditor" StartDate="2018-12-23 00:14:13.510 GMT" StructureHandle="=BugTrackerServer/src&amp;lt;server{Login.java[Login^email" StructureKind="java"/><InteractionEvent Delta="null" EndDate="2018-12-23 02:16:56.978 GMT" Interest="9.023" Kind="propagation" Navigation="org.eclipse.mylyn.core.model.edges.containment" OriginId="org.eclipse.mylyn.core.model.interest.propagation" StartDate="2018-12-23 01:55:00.330 GMT" StructureHandle="=BugTrackerServer/src&amp;lt;server{BugsData.java[BugsData" StructureKind="java" NumEvents="10" CreationCount="2242"/><InteractionEvent Delta="null" EndDate="2018-12-22 23:10:27.435 GMT" Interest="1.0" Kind="edit" Navigation="null" OriginId="org.eclipse.jdt.ui.CompilationUnitEditor" StartDate="2018-12-22 23:10:27.435 GMT" StructureHandle="=BugTrackerServer/src&amp;lt;server{EmployeeList.java[EmployeeList~setEmployeList~QList\&amp;lt;QEmployee;&amp;gt;;" StructureKind="java"/><InteractionEvent Delta="null" EndDate="2018-12-22 23:11:03.547 GMT" Interest="2.0" Kind="selection" Navigation="null" OriginId="org.eclipse.jdt.ui.CompilationUnitEditor" StartDate="2018-12-22 23:10:17.693 GMT" StructureHandle="=BugTrackerServer/src&amp;lt;server{EmployeeList.java[EmployeeList~setEmployeList~QList\&amp;lt;QEmployee;&amp;gt;;" StructureKind="java" NumEvents="2" CreationCount="1296"/><InteractionEvent Delta="null" EndDate="2018-12-22 23:20:19.728 GMT" Interest="1.0" Kind="selection" Navigation="null" OriginId="org.eclipse.jdt.ui.CompilationUnitEditor" StartDate="2018-12-22 23:20:19.728 GMT" StructureHandle="=BugTrackerServer/src&amp;lt;server{Employee.java[Employee~getPassword" StructureKind="java"/><InteractionEvent Delta="null" EndDate="2018-12-22 23:42:03.29 GMT" Interest="2.0" Kind="edit" Navigation="null" OriginId="org.eclipse.jdt.ui.CompilationUnitEditor" StartDate="2018-12-22 23:42:01.842 GMT" StructureHandle="=BugTrackerServer/src&amp;lt;server{BugRecord.java[BugRecord~toFile" StructureKind="java" NumEvents="2" CreationCount="1562"/><InteractionEvent Delta="null" EndDate="2018-12-22 23:42:40.578 GMT" Interest="3.0" Kind="selection" Navigation="null" OriginId="org.eclipse.jdt.ui.CompilationUnitEditor" StartDate="2018-12-22 23:42:01.47 GMT" StructureHandle="=BugTrackerServer/src&amp;lt;server{BugRecord.java[BugRecord~toFile" StructureKind="java" NumEvents="3" CreationCount="1562"/><InteractionEvent Delta="null" EndDate="2018-12-23 01:55:00.348 GMT" Interest="1.0" Kind="edit" Navigation="null" OriginId="org.eclipse.jdt.ui.CompilationUnitEditor" StartDate="2018-12-23 01:55:00.348 GMT" StructureHandle="=BugTrackerServer/src&amp;lt;server{BugsData.java[BugsData~getAllUnassignedBugRecords" StructureKind="java"/><InteractionEvent Delta="null" EndDate="2018-12-23 02:00:42.665 GMT" Interest="0.32299995" Kind="manipulation" Navigation="null" OriginId="org.eclipse.mylyn.core.model.interest.decay.correction" StartDate="2018-12-23 02:00:42.665 GMT" StructureHandle="=BugTrackerServer/src&amp;lt;server{BugsData.java[BugsData~getAllUnassignedBugRecords" StructureKind="java"/><InteractionEvent Delta="null" EndDate="2018-12-23 02:16:56.978 GMT" Interest="8.0" Kind="selection" Navigation="null" OriginId="org.eclipse.jdt.ui.CompilationUnitEditor" StartDate="2018-12-23 01:55:00.330 GMT" StructureHandle="=BugTrackerServer/src&amp;lt;server{BugsData.java[BugsData~getAllUnassignedBugRecords" StructureKind="java" NumEvents="8" CreationCount="2242"/><InteractionEvent Delta="null" EndDate="2018-12-23 01:48:34.904 GMT" Interest="2.8000002" Kind="manipulation" Navigation="null" OriginId="org.eclipse.mylyn.core.model.interest.decay.correction" StartDate="2018-12-23 01:20:48.817 GMT" StructureHandle="=BugTrackerServer/src&amp;lt;server{EmployeeList.java#java.util.List" StructureKind="java" NumEvents="2" CreationCount="1751"/><InteractionEvent Delta="null" EndDate="2018-12-23 01:54:09.482 GMT" Interest="8.0" Kind="selection" Navigation="null" OriginId="org.eclipse.jdt.ui.CompilationUnitEditor" StartDate="2018-12-23 00:16:46.694 GMT" StructureHandle="=BugTrackerServer/src&amp;lt;server{EmployeeList.java#java.util.List" StructureKind="java" NumEvents="8" CreationCount="1751"/><InteractionEvent Delta="null" EndDate="2018-12-23 02:01:51.621 GMT" Interest="167.0" Kind="propagation" Navigation="null" OriginId="org.eclipse.jdt.ui.CompilationUnitEditor" StartDate="2018-12-22 21:20:15.244 GMT" StructureHandle="/BugTrackerServer/src/server/Employee.java" StructureKind="resource" NumEvents="167" CreationCount="1"/><InteractionEvent Delta="null" EndDate="2018-12-22 23:22:54.576 GMT" Interest="24.0" Kind="edit" Navigation="null" OriginId="org.eclipse.jdt.ui.CompilationUnitEditor" StartDate="2018-12-22 23:19:39.519 GMT" StructureHandle="=BugTrackerServer/src&amp;lt;server{Employee.java[Employee~toFile" StructureKind="java" NumEvents="24" CreationCount="1382"/><InteractionEvent Delta="null" EndDate="2018-12-22 23:22:50.442 GMT" Interest="14.0" Kind="selection" Navigation="null" OriginId="org.eclipse.jdt.ui.CompilationUnitEditor" StartDate="2018-12-22 23:19:37.998 GMT" StructureHandle="=BugTrackerServer/src&amp;lt;server{Employee.java[Employee~toFile" StructureKind="java" NumEvents="14" CreationCount="1382"/><InteractionEvent Delta="null" EndDate="2018-12-23 01:52:19.852 GMT" Interest="41.16" Kind="propagation" Navigation="org.eclipse.mylyn.core.model.edges.containment" OriginId="org.eclipse.mylyn.core.model.interest.propagation" StartDate="2018-12-22 21:20:49.277 GMT" StructureHandle="=BugTrackerServer/src&amp;lt;server{BugList.java[BugList" StructureKind="java" NumEvents="23" CreationCount="16"/><InteractionEvent Delta="null" EndDate="2018-12-23 01:50:43.780 GMT" Interest="3.0" Kind="edit" Navigation="null" OriginId="org.eclipse.jdt.ui.CompilationUnitEditor" StartDate="2018-12-23 01:50:40.435 GMT" StructureHandle="=BugTrackerServer/src&amp;lt;server{ClientThread.java[ClientThread^out" StructureKind="java" NumEvents="3" CreationCount="2179"/><InteractionEvent Delta="null" EndDate="2018-12-23 01:50:38.466 GMT" Interest="1.0" Kind="selection" Navigation="null" OriginId="org.eclipse.jdt.ui.CompilationUnitEditor" StartDate="2018-12-23 01:50:38.466 GMT" StructureHandle="=BugTrackerServer/src&amp;lt;server{ClientThread.java[ClientThread^out" StructureKind="java"/><InteractionEvent Delta="null" EndDate="2018-12-22 23:03:51.953 GMT" Interest="13.7230015" Kind="manipulation" Navigation="null" OriginId="org.eclipse.mylyn.core.model.interest.decay.correction" StartDate="2018-12-22 21:34:06.856 GMT" StructureHandle="=BugTrackerServer/src&amp;lt;server{BugList.java" StructureKind="java" NumEvents="4" CreationCount="15"/><InteractionEvent Delta="null" EndDate="2018-12-23 01:52:19.852 GMT" Interest="4.4540024" Kind="propagation" Navigation="org.eclipse.mylyn.core.model.edges.containment" OriginId="org.eclipse.mylyn.core.model.interest.propagation" StartDate="2018-12-22 21:20:49.277 GMT" StructureHandle="=BugTrackerServer/src&amp;lt;server{BugList.java" StructureKind="java" NumEvents="9" CreationCount="15"/><InteractionEvent Delta="null" EndDate="2018-12-23 02:16:56.952 GMT" Interest="36.0" Kind="selection" Navigation="null" OriginId="org.eclipse.jdt.ui.CompilationUnitEditor" StartDate="2018-12-22 21:20:49.248 GMT" StructureHandle="=BugTrackerServer/src&amp;lt;server{BugsData.java" StructureKind="java" NumEvents="36" CreationCount="15"/><InteractionEvent Delta="null" EndDate="2018-12-23 01:57:37.55 GMT" Interest="3.0" Kind="edit" Navigation="null" OriginId="org.eclipse.jdt.ui.CompilationUnitEditor" StartDate="2018-12-23 01:55:51.873 GMT" StructureHandle="=BugTrackerServer/src&amp;lt;server{BugTracker.java[BugTracker~setBugsList~QBugsData;" StructureKind="java" NumEvents="3" CreationCount="2257"/><InteractionEvent Delta="null" EndDate="2018-12-23 01:57:35.824 GMT" Interest="3.0" Kind="selection" Navigation="null" OriginId="org.eclipse.jdt.ui.CompilationUnitEditor" StartDate="2018-12-23 01:55:51.203 GMT" StructureHandle="=BugTrackerServer/src&amp;lt;server{BugTracker.java[BugTracker~setBugsList~QBugsData;" StructureKind="java" NumEvents="3" CreationCount="2257"/><InteractionEvent Delta="null" EndDate="2018-12-23 01:48:09.616 GMT" Interest="1.0" Kind="edit" Navigation="null" OriginId="org.eclipse.jdt.ui.CompilationUnitEditor" StartDate="2018-12-23 01:48:09.616 GMT" StructureHandle="=BugTrackerServer/src&amp;lt;server{BugTrackerServer.java" StructureKind="java"/><InteractionEvent Delta="null" EndDate="2018-12-23 01:47:22.280 GMT" Interest="313.986" Kind="propagation" Navigation="org.eclipse.mylyn.core.model.edges.containment" OriginId="org.eclipse.mylyn.core.model.interest.propagation" StartDate="2018-12-22 21:20:52.839 GMT" StructureHandle="=BugTrackerServer/src&amp;lt;server{BugTrackerServer.java" StructureKind="java" NumEvents="461" CreationCount="17"/><InteractionEvent Delta="null" EndDate="2018-12-23 02:01:54.234 GMT" Interest="66.0" Kind="selection" Navigation="null" OriginId="org.eclipse.jdt.ui.CompilationUnitEditor" StartDate="2018-12-22 21:20:52.801 GMT" StructureHandle="=BugTrackerServer/src&amp;lt;server{BugTrackerServer.java" StructureKind="java" NumEvents="66" CreationCount="17"/><InteractionEvent Delta="null" EndDate="2018-12-23 01:58:45.10 GMT" Interest="8.0" Kind="edit" Navigation="null" OriginId="org.eclipse.jdt.ui.CompilationUnitEditor" StartDate="2018-12-23 01:48:32.46 GMT" StructureHandle="=BugTrackerServer/src&amp;lt;server{ClientThread.java[ClientThread~ClientThread~QSocket;" StructureKind="java" NumEvents="8" CreationCount="2149"/><InteractionEvent Delta="null" EndDate="2018-12-23 01:58:59.525 GMT" Interest="7.0" Kind="selection" Navigation="null" OriginId="org.eclipse.jdt.ui.CompilationUnitEditor" StartDate="2018-12-23 01:48:29.868 GMT" StructureHandle="=BugTrackerServer/src&amp;lt;server{ClientThread.java[ClientThread~ClientThread~QSocket;" StructureKind="java" NumEvents="7" CreationCount="2149"/><InteractionEvent Delta="null" EndDate="2018-12-23 01:58:56.705 GMT" Interest="18.0" Kind="edit" Navigation="null" OriginId="org.eclipse.jdt.ui.CompilationUnitEditor" StartDate="2018-12-23 01:51:26.738 GMT" StructureHandle="=BugTrackerServer/src&amp;lt;server{BugTracker.java[BugTracker~BugTracker" StructureKind="java" NumEvents="18" CreationCount="2192"/><InteractionEvent Delta="null" EndDate="2018-12-23 02:42:09.900 GMT" Interest="22.0" Kind="selection" Navigation="null" OriginId="org.eclipse.jdt.ui.CompilationUnitEditor" StartDate="2018-12-23 01:51:25.56 GMT" StructureHandle="=BugTrackerServer/src&amp;lt;server{BugTracker.java[BugTracker~BugTracker" StructureKind="java" NumEvents="22" CreationCount="2192"/><InteractionEvent Delta="null" EndDate="2018-12-22 23:28:09.779 GMT" Interest="17.0" Kind="edit" Navigation="null" OriginId="org.eclipse.ui.DefaultTextEditor" StartDate="2018-12-22 21:24:47.272 GMT" StructureHandle="/BugTrackerServer/emplyeeList.dat" StructureKind="resource" NumEvents="17" CreationCount="86"/><InteractionEvent Delta="null" EndDate="2018-12-22 23:19:22.305 GMT" Interest="4.1619997" Kind="manipulation" Navigation="null" OriginId="org.eclipse.mylyn.core.model.interest.decay.correction" StartDate="2018-12-22 22:21:16.778 GMT" StructureHandle="/BugTrackerServer/emplyeeList.dat" StructureKind="resource" NumEvents="2" CreationCount="86"/><InteractionEvent Delta="null" EndDate="2018-12-22 23:28:50.743 GMT" Interest="18.0" Kind="selection" Navigation="null" OriginId="org.eclipse.jdt.ui.PackageExplorer" StartDate="2018-12-22 21:24:47.74 GMT" StructureHandle="/BugTrackerServer/emplyeeList.dat" StructureKind="resource" NumEvents="18" CreationCount="86"/><InteractionEvent Delta="null" EndDate="2018-12-22 23:03:51.953 GMT" Interest="12.757002" Kind="manipulation" Navigation="null" OriginId="org.eclipse.mylyn.core.model.interest.decay.correction" StartDate="2018-12-22 21:34:06.857 GMT" StructureHandle="/BugTrackerServer/src/server/BugList.java" StructureKind="resource" NumEvents="4" CreationCount="15"/><InteractionEvent Delta="null" EndDate="2018-12-23 01:53:35.593 GMT" Interest="68.0" Kind="propagation" Navigation="null" OriginId="org.eclipse.jdt.ui.PackageExplorer" StartDate="2018-12-22 21:20:49.248 GMT" StructureHandle="/BugTrackerServer/src/server/BugList.java" StructureKind="resource" NumEvents="68" CreationCount="15"/><InteractionEvent Delta="null" EndDate="2018-12-23 01:52:25.696 GMT" Interest="1.0" Kind="edit" Navigation="null" OriginId="org.eclipse.jdt.ui.CompilationUnitEditor" StartDate="2018-12-23 01:52:25.696 GMT" StructureHandle="=BugTrackerServer/src&amp;lt;server{BugList.java[BugList~addBug~QBug;" StructureKind="java"/><InteractionEvent Delta="null" EndDate="2018-12-23 01:52:24.204 GMT" Interest="36.213" Kind="manipulation" Navigation="null" OriginId="org.eclipse.mylyn.core.model.interest.decay.correction" StartDate="2018-12-23 01:52:24.204 GMT" StructureHandle="=BugTrackerServer/src&amp;lt;server{BugList.java[BugList~addBug~QBug;" StructureKind="java"/><InteractionEvent Delta="null" EndDate="2018-12-23 01:52:24.204 GMT" Interest="2.0" Kind="selection" Navigation="null" OriginId="org.eclipse.jdt.ui.CompilationUnitEditor" StartDate="2018-12-22 21:20:49.276 GMT" StructureHandle="=BugTrackerServer/src&amp;lt;server{BugList.java[BugList~addBug~QBug;" StructureKind="java" NumEvents="2" CreationCount="16"/><InteractionEvent Delta="null" EndDate="2018-12-23 02:35:10.408 GMT" Interest="1.4880002" Kind="manipulation" Navigation="null" OriginId="org.eclipse.mylyn.core.model.interest.decay.correction" StartDate="2018-12-23 02:29:14.543 GMT" StructureHandle="=BugTrackerServer/src&amp;lt;server{EmployeeData.java[EmployeeData" StructureKind="java" NumEvents="2" CreationCount="2602"/><InteractionEvent Delta="null" EndDate="2018-12-23 02:36:16.663 GMT" Interest="14.051" Kind="propagation" Navigation="org.eclipse.mylyn.core.model.edges.containment" OriginId="org.eclipse.mylyn.core.model.interest.propagation" StartDate="2018-12-23 02:17:35.236 GMT" StructureHandle="=BugTrackerServer/src&amp;lt;server{EmployeeData.java[EmployeeData" StructureKind="java" NumEvents="22" CreationCount="2602"/><InteractionEvent Delta="null" EndDate="2018-12-23 02:35:10.408 GMT" Interest="4.0" Kind="selection" Navigation="null" OriginId="org.eclipse.jdt.ui.CompilationUnitEditor" StartDate="2018-12-23 02:17:32.974 GMT" StructureHandle="=BugTrackerServer/src&amp;lt;server{EmployeeData.java[EmployeeData" StructureKind="java" NumEvents="4" CreationCount="2602"/><InteractionEvent Delta="null" EndDate="2018-12-23 02:00:41.14 GMT" Interest="1.0" Kind="selection" Navigation="null" OriginId="org.eclipse.jdt.ui.CompilationUnitEditor" StartDate="2018-12-23 02:00:41.14 GMT" StructureHandle="=BugTrackerServer/src&amp;lt;server{BugsData.java[BugsData~getAllBugRecords" StructureKind="java"/><InteractionEvent Delta="null" EndDate="2018-12-22 23:11:22.607 GMT" Interest="19.0" Kind="edit" Navigation="null" OriginId="org.eclipse.jdt.ui.CompilationUnitEditor" StartDate="2018-12-22 23:09:51.592 GMT" StructureHandle="=BugTrackerServer/src&amp;lt;server{EmployeeList.java[EmployeeList~server~QClientThread;" StructureKind="java" NumEvents="19" CreationCount="1279"/><InteractionEvent Delta="null" EndDate="2018-12-22 23:18:31.72 GMT" Interest="7.0" Kind="selection" Navigation="null" OriginId="org.eclipse.jdt.ui.CompilationUnitEditor" StartDate="2018-12-22 23:09:44.610 GMT" StructureHandle="=BugTrackerServer/src&amp;lt;server{EmployeeList.java[EmployeeList~server~QClientThread;" StructureKind="java" NumEvents="7" CreationCount="1279"/><InteractionEvent Delta="null" EndDate="2018-12-22 21:27:45.55 GMT" Interest="1.0" Kind="selection" Navigation="null" OriginId="org.eclipse.jdt.ui.CompilationUnitEditor" StartDate="2018-12-22 21:27:45.55 GMT" StructureHandle="=BugTrackerServer/src&amp;lt;server{Employee.java[Employee~setPassword~QString;" StructureKind="java"/><InteractionEvent Delta="null" EndDate="2018-12-22 23:19:15.322 GMT" Interest="14.0" Kind="edit" Navigation="null" OriginId="org.eclipse.jdt.ui.CompilationUnitEditor" StartDate="2018-12-22 21:21:35.206 GMT" StructureHandle="=BugTrackerServer/src&amp;lt;server{EmployeeList.java[EmployeeList~writeToFile~QEmployee;" StructureKind="java" NumEvents="14" CreationCount="31"/><InteractionEvent Delta="null" EndDate="2018-12-22 23:18:33.353 GMT" Interest="4.2890015" Kind="manipulation" Navigation="null" OriginId="org.eclipse.mylyn.core.model.interest.decay.correction" StartDate="2018-12-22 22:51:29.91 GMT" StructureHandle="=BugTrackerServer/src&amp;lt;server{EmployeeList.java[EmployeeList~writeToList" StructureKind="java" NumEvents="3" CreationCount="31"/><InteractionEvent Delta="null" EndDate="2018-12-22 23:24:59.654 GMT" Interest="19.0" Kind="selection" Navigation="null" OriginId="org.eclipse.jdt.ui.CompilationUnitEditor" StartDate="2018-12-22 21:21:34.755 GMT" StructureHandle="=BugTrackerServer/src&amp;lt;server{EmployeeList.java[EmployeeList~writeToFile~QEmployee;" StructureKind="java" NumEvents="19" CreationCount="31"/><InteractionEvent Delta="null" EndDate="2018-12-23 01:25:36.464 GMT" Interest="4.0" Kind="edit" Navigation="null" OriginId="org.eclipse.jdt.ui.CompilationUnitEditor" StartDate="2018-12-23 01:24:55.45 GMT" StructureHandle="=BugTrackerServer/src&amp;lt;server{BugTrackerServer.java[BugTrackerServer[ClientThread~closeConnection" StructureKind="java" NumEvents="4" CreationCount="1997"/><InteractionEvent Delta="null" EndDate="2018-12-23 01:24:55.28 GMT" Interest="0.05400002" Kind="manipulation" Navigation="null" OriginId="org.eclipse.mylyn.core.model.interest.decay.correction" StartDate="2018-12-23 01:24:55.28 GMT" StructureHandle="=BugTrackerServer/src&amp;lt;server{BugTrackerServer.java[BugTrackerServer[ClientThread~closeConnection" StructureKind="java"/><InteractionEvent Delta="null" EndDate="2018-12-23 01:24:55.28 GMT" Interest="2.0" Kind="selection" Navigation="null" OriginId="org.eclipse.jdt.ui.CompilationUnitEditor" StartDate="2018-12-23 01:19:08.136 GMT" StructureHandle="=BugTrackerServer/src&amp;lt;server{BugTrackerServer.java[BugTrackerServer[ClientThread~closeConnection" StructureKind="java" NumEvents="2" CreationCount="1997"/><InteractionEvent Delta="null" EndDate="2018-12-23 01:05:02.610 GMT" Interest="1.0" Kind="edit" Navigation="null" OriginId="org.eclipse.jdt.ui.CompilationUnitEditor" StartDate="2018-12-23 01:05:02.610 GMT" StructureHandle="=BugTrackerServer/src&amp;lt;server{Login.java[Login~getEmployeeList" StructureKind="java"/><InteractionEvent Delta="null" EndDate="2018-12-23 01:04:56.104 GMT" Interest="1.0" Kind="selection" Navigation="null" OriginId="org.eclipse.jdt.ui.CompilationUnitEditor" StartDate="2018-12-23 01:04:56.104 GMT" StructureHandle="=BugTrackerServer/src&amp;lt;server{Login.java[Login~getEmployeeList" StructureKind="java"/><InteractionEvent Delta="null" EndDate="2018-12-23 02:04:47.661 GMT" Interest="5.0" Kind="edit" Navigation="null" OriginId="org.eclipse.jdt.ui.CompilationUnitEditor" StartDate="2018-12-23 02:04:18.52 GMT" StructureHandle="=BugTrackerServer/src&amp;lt;server{ClientThread.java" StructureKind="java" NumEvents="5" CreationCount="2094"/><InteractionEvent Delta="null" EndDate="2018-12-23 02:43:57.879 GMT" Interest="46.223003" Kind="propagation" Navigation="org.eclipse.mylyn.core.model.edges.containment" OriginId="org.eclipse.mylyn.core.model.interest.propagation" StartDate="2018-12-23 01:45:35.541 GMT" StructureHandle="=BugTrackerServer/src&amp;lt;server{ClientThread.java" StructureKind="java" NumEvents="69" CreationCount="2094"/><InteractionEvent Delta="null" EndDate="2018-12-23 02:43:45.519 GMT" Interest="37.0" Kind="selection" Navigation="null" OriginId="org.eclipse.jdt.ui.CompilationUnitEditor" StartDate="2018-12-23 01:45:35.614 GMT" StructureHandle="=BugTrackerServer/src&amp;lt;server{ClientThread.java" StructureKind="java" NumEvents="37" CreationCount="2094"/><InteractionEvent Delta="null" EndDate="2018-12-23 01:51:18.251 GMT" Interest="1.0" Kind="edit" Navigation="null" OriginId="org.eclipse.jdt.ui.CompilationUnitEditor" StartDate="2018-12-23 01:51:18.251 GMT" StructureHandle="=BugTrackerServer/src&amp;lt;server{BugTracker.java[BugTracker" StructureKind="java"/><InteractionEvent Delta="null" EndDate="2018-12-23 02:42:09.900 GMT" Interest="31.967999" Kind="propagation" Navigation="org.eclipse.mylyn.core.model.edges.containment" OriginId="org.eclipse.mylyn.core.model.interest.propagation" StartDate="2018-12-23 01:51:23.240 GMT" StructureHandle="=BugTrackerServer/src&amp;lt;server{BugTracker.java[BugTracker" StructureKind="java" NumEvents="42" CreationCount="2188"/><InteractionEvent Delta="null" EndDate="2018-12-23 01:53:24.932 GMT" Interest="2.0" Kind="selection" Navigation="null" OriginId="org.eclipse.jdt.ui.CompilationUnitEditor" StartDate="2018-12-23 01:51:16.397 GMT" StructureHandle="=BugTrackerServer/src&amp;lt;server{BugTracker.java[BugTracker" StructureKind="java" NumEvents="2" CreationCount="2188"/><InteractionEvent Delta="null" EndDate="2018-12-23 00:05:54.559 GMT" Interest="5.0" Kind="edit" Navigation="null" OriginId="org.eclipse.jdt.ui.CompilationUnitEditor" StartDate="2018-12-22 23:03:59.900 GMT" StructureHandle="=BugTrackerServer/src&amp;lt;server{BugList.java[BugList~writeToFile~QBugRecord;" StructureKind="java" NumEvents="5" CreationCount="1237"/><InteractionEvent Delta="null" EndDate="2018-12-22 23:43:07.867 GMT" Interest="9.0" Kind="selection" Navigation="null" OriginId="org.eclipse.jdt.ui.CompilationUnitEditor" StartDate="2018-12-22 23:03:58.651 GMT" StructureHandle="=BugTrackerServer/src&amp;lt;server{BugList.java[BugList~writeToFile~QBugRecord;" StructureKind="java" NumEvents="9" CreationCount="1237"/><InteractionEvent Delta="null" EndDate="2018-12-23 01:57:13.182 GMT" Interest="1.0" Kind="edit" Navigation="null" OriginId="org.eclipse.jdt.ui.CompilationUnitEditor" StartDate="2018-12-23 01:57:13.182 GMT" StructureHandle="=BugTrackerServer/src&amp;lt;server{BugTracker.java[BugTracker^bugsData" StructureKind="java"/><InteractionEvent Delta="null" EndDate="2018-12-23 01:57:33.610 GMT" Interest="4.0" Kind="selection" Navigation="null" OriginId="org.eclipse.jdt.ui.CompilationUnitEditor" StartDate="2018-12-23 01:53:28.304 GMT" StructureHandle="=BugTrackerServer/src&amp;lt;server{BugTracker.java[BugTracker^bugsData" StructureKind="java" NumEvents="4" CreationCount="2221"/><InteractionEvent Delta="null" EndDate="2018-12-23 02:01:54.234 GMT" Interest="379.958" Kind="propagation" Navigation="org.eclipse.mylyn.core.model.edges.containment" OriginId="org.eclipse.mylyn.core.model.interest.propagation" StartDate="2018-12-22 21:20:15.245 GMT" StructureHandle="=BugTrackerServer/src&amp;lt;server" StructureKind="java" NumEvents="531" CreationCount="1"/><InteractionEvent Delta="null" EndDate="2018-12-23 01:45:18.955 GMT" Interest="1.0" Kind="selection" Navigation="null" OriginId="org.eclipse.jdt.ui.PackageExplorer" StartDate="2018-12-23 01:45:18.955 GMT" StructureHandle="=BugTrackerServer/src&amp;lt;server" StructureKind="java"/><InteractionEvent Delta="null" EndDate="2018-12-23 02:43:08.176 GMT" Interest="2.0" Kind="edit" Navigation="null" OriginId="org.eclipse.jdt.ui.CompilationUnitEditor" StartDate="2018-12-23 02:18:49.991 GMT" StructureHandle="=BugTrackerServer/src&amp;lt;server{Register.java[Register^empData" StructureKind="java" NumEvents="2" CreationCount="2619"/><InteractionEvent Delta="null" EndDate="2018-12-23 02:43:03.26 GMT" Interest="2.3520005" Kind="manipulation" Navigation="null" OriginId="org.eclipse.mylyn.core.model.interest.decay.correction" StartDate="2018-12-23 02:43:03.26 GMT" StructureHandle="=BugTrackerServer/src&amp;lt;server{Register.java[Register^empList" StructureKind="java"/><InteractionEvent Delta="null" EndDate="2018-12-23 02:43:03.26 GMT" Interest="4.0" Kind="selection" Navigation="null" OriginId="org.eclipse.jdt.ui.CompilationUnitEditor" StartDate="2018-12-23 02:18:44.133 GMT" StructureHandle="=BugTrackerServer/src&amp;lt;server{Register.java[Register^empList" StructureKind="java" NumEvents="4" CreationCount="2619"/><InteractionEvent Delta="null" EndDate="2018-12-22 23:03:30.665 GMT" Interest="188.619" Kind="propagation" Navigation="org.eclipse.mylyn.core.model.edges.containment" OriginId="org.eclipse.mylyn.core.model.interest.propagation" StartDate="2018-12-22 21:21:34.755 GMT" StructureHandle="=BugTrackerServer/src&amp;lt;server{EmployeeList.java" StructureKind="java" NumEvents="278" CreationCount="30"/><InteractionEvent Delta="null" EndDate="2018-12-23 02:43:17.324 GMT" Interest="79.0" Kind="selection" Navigation="null" OriginId="org.eclipse.jdt.ui.CompilationUnitEditor" StartDate="2018-12-22 21:21:34.704 GMT" StructureHandle="=BugTrackerServer/src&amp;lt;server{EmployeeData.java" StructureKind="java" NumEvents="79" CreationCount="30"/><InteractionEvent Delta="null" EndDate="2018-12-23 01:54:13.91 GMT" Interest="621.0" Kind="propagation" Navigation="null" OriginId="org.eclipse.jdt.ui.PackageExplorer" StartDate="2018-12-22 21:21:34.704 GMT" StructureHandle="/BugTrackerServer/src/server/EmployeeList.java" StructureKind="resource" NumEvents="621" CreationCount="30"/><InteractionEvent Delta="null" EndDate="2018-12-23 02:44:17.198 GMT" Interest="2889.0" Kind="propagation" Navigation="org.eclipse.mylyn.core.model.edges.containment" OriginId="org.eclipse.mylyn.core.model.interest.propagation" StartDate="2018-12-22 21:20:15.244 GMT" StructureHandle="/BugTrackerServer/src" StructureKind="resource" NumEvents="2889" CreationCount="1"/><InteractionEvent Delta="null" EndDate="2018-12-23 02:17:49.914 GMT" Interest="57.0" Kind="edit" Navigation="null" OriginId="org.eclipse.jdt.ui.CompilationUnitEditor" StartDate="2018-12-23 02:10:13.602 GMT" StructureHandle="=BugTrackerServer/src&amp;lt;server{Register.java[Register~setNewEmployeeData~QClientThread;" StructureKind="java" NumEvents="57" CreationCount="2502"/><InteractionEvent Delta="null" EndDate="2018-12-23 02:30:00.813 GMT" Interest="5.0" Kind="selection" Navigation="null" OriginId="org.eclipse.jdt.ui.CompilationUnitEditor" StartDate="2018-12-23 02:09:35.832 GMT" StructureHandle="=BugTrackerServer/src&amp;lt;server{Register.java[Register~setNewEmployeeData~QClientThread;" StructureKind="java" NumEvents="5" CreationCount="2502"/><InteractionEvent Delta="null" EndDate="2018-12-23 01:24:39.248 GMT" Interest="3.0" Kind="propagation" Navigation="null" OriginId="org.eclipse.jdt.ui.CompilationUnitEditor" StartDate="2018-12-23 01:24:23.576 GMT" StructureHandle="/BugTrackerServer/src/server/Bug.java" StructureKind="resource" NumEvents="3" CreationCount="2042"/><InteractionEvent Delta="null" EndDate="2018-12-23 01:52:22.904 GMT" Interest="3.0" Kind="edit" Navigation="null" OriginId="org.eclipse.jdt.ui.CompilationUnitEditor" StartDate="2018-12-23 00:06:31.838 GMT" StructureHandle="=BugTrackerServer/src&amp;lt;server{BugList.java[BugList~BugList" StructureKind="java" NumEvents="3" CreationCount="1618"/><InteractionEvent Delta="null" EndDate="2018-12-23 01:24:45.408 GMT" Interest="4.678" Kind="manipulation" Navigation="null" OriginId="org.eclipse.mylyn.core.model.interest.decay.correction" StartDate="2018-12-23 00:17:01.554 GMT" StructureHandle="=BugTrackerServer/src&amp;lt;server{BugList.java[BugList~BugList" StructureKind="java" NumEvents="2" CreationCount="1618"/><InteractionEvent Delta="null" EndDate="2018-12-23 01:52:22.106 GMT" Interest="6.0" Kind="selection" Navigation="null" OriginId="org.eclipse.jdt.ui.CompilationUnitEditor" StartDate="2018-12-23 00:06:29.895 GMT" StructureHandle="=BugTrackerServer/src&amp;lt;server{BugList.java[BugList~BugList" StructureKind="java" NumEvents="6" CreationCount="1618"/><InteractionEvent Delta="null" EndDate="2018-12-22 22:13:18.632 GMT" Interest="1.0" Kind="selection" Navigation="null" OriginId="org.eclipse.jdt.ui.CompilationUnitEditor" StartDate="2018-12-22 22:13:18.632 GMT" StructureHandle="=BugTrackerServer/src&amp;lt;server{BugTrackerServer.java[BugTrackerServer[ServerThread" StructureKind="java"/><InteractionEvent Delta="null" EndDate="2018-12-23 02:01:54.234 GMT" Interest="380.958" Kind="propagation" Navigation="org.eclipse.mylyn.core.model.edges.containment" OriginId="org.eclipse.mylyn.core.model.interest.propagation" StartDate="2018-12-22 21:20:15.245 GMT" StructureHandle="=BugTrackerServer/src" StructureKind="java" NumEvents="531" CreationCount="1"/><InteractionEvent Delta="null" EndDate="2018-12-23 01:25:53.398 GMT" Interest="27.986" Kind="manipulation" Navigation="null" OriginId="org.eclipse.mylyn.core.model.interest.decay.correction" StartDate="2018-12-22 21:33:50.376 GMT" StructureHandle="=BugTrackerServer/src&amp;lt;server{BugTracker.java" StructureKind="java" NumEvents="4" CreationCount="12"/><InteractionEvent Delta="null" EndDate="2018-12-23 01:24:23.266 GMT" Interest="1.0" Kind="prediction" Navigation="null" OriginId="org.eclipse.mylyn.resources.ui.interest.updater" StartDate="2018-12-23 01:24:23.266 GMT" StructureHandle="=BugTrackerServer/src&amp;lt;server{BugTracker.java" StructureKind="java"/><InteractionEvent Delta="null" EndDate="2018-12-23 01:58:56.706 GMT" Interest="14.674002" Kind="propagation" Navigation="org.eclipse.mylyn.core.model.edges.containment" OriginId="org.eclipse.mylyn.core.model.interest.propagation" StartDate="2018-12-23 01:53:24.932 GMT" StructureHandle="=BugTrackerServer/src&amp;lt;server{BugTracker.java" StructureKind="java" NumEvents="31" CreationCount="12"/><InteractionEvent Delta="null" EndDate="2018-12-23 02:42:09.876 GMT" Interest="28.0" Kind="selection" Navigation="null" OriginId="org.eclipse.jdt.ui.CompilationUnitEditor" StartDate="2018-12-22 21:20:45.725 GMT" StructureHandle="=BugTrackerServer/src&amp;lt;server{BugTracker.java" StructureKind="java" NumEvents="28" CreationCount="12"/><InteractionEvent Delta="null" EndDate="2018-12-23 00:16:43.479 GMT" Interest="2.0" Kind="edit" Navigation="null" OriginId="org.eclipse.jdt.ui.CompilationUnitEditor" StartDate="2018-12-22 23:31:10.416 GMT" StructureHandle="=BugTrackerServer/src&amp;lt;server{EmployeeList.java[EmployeeList^file" StructureKind="java" NumEvents="2" CreationCount="1534"/><InteractionEvent Delta="null" EndDate="2018-12-23 00:16:37.660 GMT" Interest="7.0" Kind="selection" Navigation="null" OriginId="org.eclipse.jdt.ui.CompilationUnitEditor" StartDate="2018-12-22 23:29:09.471 GMT" StructureHandle="=BugTrackerServer/src&amp;lt;server{EmployeeList.java[EmployeeList^file" StructureKind="java" NumEvents="7" CreationCount="1534"/><InteractionEvent Delta="null" EndDate="2018-12-22 23:20:05.400 GMT" Interest="1.0" Kind="edit" Navigation="null" OriginId="org.eclipse.jdt.ui.CompilationUnitEditor" StartDate="2018-12-22 23:20:05.400 GMT" StructureHandle="=BugTrackerServer/src&amp;lt;server{Employee.java[Employee~getEmpID" StructureKind="java"/><InteractionEvent Delta="null" EndDate="2018-12-22 23:20:04.706 GMT" Interest="1.0" Kind="selection" Navigation="null" OriginId="org.eclipse.jdt.ui.CompilationUnitEditor" StartDate="2018-12-22 23:20:04.706 GMT" StructureHandle="=BugTrackerServer/src&amp;lt;server{Employee.java[Employee~getEmpID" StructureKind="java"/><InteractionEvent Delta="null" EndDate="2018-12-22 21:27:55.512 GMT" Interest="6.0" Kind="edit" Navigation="null" OriginId="org.eclipse.jdt.ui.CompilationUnitEditor" StartDate="2018-12-22 21:27:38.178 GMT" StructureHandle="=BugTrackerServer/src&amp;lt;server{Employee.java[Employee" StructureKind="java" NumEvents="6" CreationCount="1"/><InteractionEvent Delta="null" EndDate="2018-12-22 23:19:34.890 GMT" Interest="3.7260008" Kind="manipulation" Navigation="null" OriginId="org.eclipse.mylyn.core.model.interest.decay.correction" StartDate="2018-12-22 23:19:34.890 GMT" StructureHandle="=BugTrackerServer/src&amp;lt;server{Employee.java[Employee" StructureKind="java"/><InteractionEvent Delta="null" EndDate="2018-12-22 23:27:22.771 GMT" Interest="42.534004" Kind="propagation" Navigation="org.eclipse.mylyn.core.model.edges.containment" OriginId="org.eclipse.mylyn.core.model.interest.propagation" StartDate="2018-12-22 21:20:15.244 GMT" StructureHandle="=BugTrackerServer/src&amp;lt;server{Employee.java[Employee" StructureKind="java" NumEvents="57" CreationCount="1"/><InteractionEvent Delta="null" EndDate="2018-12-22 23:19:34.890 GMT" Interest="11.0" Kind="selection" Navigation="null" OriginId="org.eclipse.jdt.ui.CompilationUnitEditor" StartDate="2018-12-22 21:27:17.981 GMT" StructureHandle="=BugTrackerServer/src&amp;lt;server{Employee.java[Employee" StructureKind="java" NumEvents="11" CreationCount="1"/><InteractionEvent Delta="null" EndDate="2018-12-23 02:44:17.198 GMT" Interest="2889.0" Kind="propagation" Navigation="null" OriginId="org.eclipse.jdt.ui.CompilationUnitEditor" StartDate="2018-12-22 21:20:15.244 GMT" StructureHandle="/BugTrackerServer/src/server" StructureKind="resource" NumEvents="2889" CreationCount="1"/><InteractionEvent Delta="null" EndDate="2018-12-23 01:24:08.511 GMT" Interest="2.254001" Kind="manipulation" Navigation="null" OriginId="org.eclipse.mylyn.core.model.interest.decay.correction" StartDate="2018-12-22 23:27:52.529 GMT" StructureHandle="=BugTrackerServer/src&amp;lt;server{BugRecord.java" StructureKind="java" NumEvents="2" CreationCount="1376"/><InteractionEvent Delta="null" EndDate="2018-12-22 23:28:15.563 GMT" Interest="0.017000437" Kind="propagation" Navigation="org.eclipse.mylyn.core.model.edges.containment" OriginId="org.eclipse.mylyn.core.model.interest.propagation" StartDate="2018-12-22 23:27:52.553 GMT" StructureHandle="=BugTrackerServer/src&amp;lt;server{BugRecord.java" StructureKind="java" NumEvents="2" CreationCount="1376"/><InteractionEvent Delta="null" EndDate="2018-12-23 01:24:39.248 GMT" Interest="14.0" Kind="selection" Navigation="null" OriginId="org.eclipse.jdt.ui.CompilationUnitEditor" StartDate="2018-12-22 23:19:26.856 GMT" StructureHandle="=BugTrackerServer/src&amp;lt;server{Bug.java" StructureKind="java" NumEvents="14" CreationCount="1376"/><InteractionEvent Delta="null" EndDate="2018-12-23 01:54:28.427 GMT" Interest="52.436" Kind="propagation" Navigation="org.eclipse.mylyn.core.model.edges.containment" OriginId="org.eclipse.mylyn.core.model.interest.propagation" StartDate="2018-12-23 00:11:39.560 GMT" StructureHandle="=BugTrackerServer/src&amp;lt;server{Login.java" StructureKind="java" NumEvents="80" CreationCount="1634"/><InteractionEvent Delta="null" EndDate="2018-12-23 02:09:05.210 GMT" Interest="27.0" Kind="selection" Navigation="null" OriginId="org.eclipse.jdt.ui.CompilationUnitEditor" StartDate="2018-12-23 00:11:17.312 GMT" StructureHandle="=BugTrackerServer/src&amp;lt;server{Login.java" StructureKind="java" NumEvents="27" CreationCount="1634"/><InteractionEvent Delta="null" EndDate="2018-12-23 01:55:46.615 GMT" Interest="2.0" Kind="edit" Navigation="null" OriginId="org.eclipse.jdt.ui.CompilationUnitEditor" StartDate="2018-12-23 01:51:23.240 GMT" StructureHandle="=BugTrackerServer/src&amp;lt;server{BugTracker.java[BugTracker~getBugsList" StructureKind="java" NumEvents="2" CreationCount="2190"/><InteractionEvent Delta="null" EndDate="2018-12-23 01:55:42.282 GMT" Interest="2.0" Kind="selection" Navigation="null" OriginId="org.eclipse.jdt.ui.CompilationUnitEditor" StartDate="2018-12-23 01:51:20.619 GMT" StructureHandle="=BugTrackerServer/src&amp;lt;server{BugTracker.java[BugTracker~getBugsList" StructureKind="java" NumEvents="2" CreationCount="2190"/><InteractionEvent Delta="null" EndDate="2018-12-23 02:01:54.259 GMT" Interest="812.0" Kind="propagation" Navigation="null" OriginId="org.eclipse.jdt.ui.CompilationUnitEditor" StartDate="2018-12-22 21:20:52.801 GMT" StructureHandle="/BugTrackerServer/src/server/BugTrackerServer.java" StructureKind="resource" NumEvents="812" CreationCount="17"/><InteractionEvent Delta="null" EndDate="2018-12-23 01:54:09.482 GMT" Interest="9.817" Kind="propagation" Navigation="org.eclipse.mylyn.core.model.edges.containment" OriginId="org.eclipse.mylyn.core.model.interest.propagation" StartDate="2018-12-23 00:16:46.694 GMT" StructureHandle="=BugTrackerServer/src&amp;lt;server{EmployeeList.java#" StructureKind="java" NumEvents="8" CreationCount="1750"/><InteractionEvent Delta="null" EndDate="2018-12-23 00:16:45.615 GMT" Interest="1.0" Kind="selection" Navigation="null" OriginId="org.eclipse.jdt.ui.CompilationUnitEditor" StartDate="2018-12-23 00:16:45.615 GMT" StructureHandle="=BugTrackerServer/src&amp;lt;server{EmployeeList.java#" StructureKind="java"/><InteractionEvent Delta="null" EndDate="2018-12-23 01:49:15.466 GMT" Interest="11.0" Kind="edit" Navigation="null" OriginId="org.eclipse.jdt.ui.CompilationUnitEditor" StartDate="2018-12-22 22:13:22.740 GMT" StructureHandle="=BugTrackerServer/src&amp;lt;server{BugTrackerServer.java[BugTrackerServer" StructureKind="java" NumEvents="11" CreationCount="18"/><InteractionEvent Delta="null" EndDate="2018-12-23 01:47:16.544 GMT" Interest="355.969" Kind="propagation" Navigation="org.eclipse.mylyn.core.model.edges.containment" OriginId="org.eclipse.mylyn.core.model.interest.propagation" StartDate="2018-12-22 21:20:52.838 GMT" StructureHandle="=BugTrackerServer/src&amp;lt;server{BugTrackerServer.java[BugTrackerServer" StructureKind="java" NumEvents="491" CreationCount="18"/><InteractionEvent Delta="null" EndDate="2018-12-23 01:49:29.964 GMT" Interest="13.0" Kind="selection" Navigation="null" OriginId="org.eclipse.jdt.ui.CompilationUnitEditor" StartDate="2018-12-22 22:13:21.614 GMT" StructureHandle="=BugTrackerServer/src&amp;lt;server{BugTrackerServer.java[BugTrackerServer" StructureKind="java" NumEvents="13" CreationCount="18"/><InteractionEvent Delta="null" EndDate="2018-12-23 01:19:07.578 GMT" Interest="11.0" Kind="edit" Navigation="null" OriginId="org.eclipse.jdt.ui.CompilationUnitEditor" StartDate="2018-12-23 00:19:49.201 GMT" StructureHandle="=BugTrackerServer/src&amp;lt;server{BugTrackerServer.java[BugTrackerServer[ClientThread~readMessage" StructureKind="java" NumEvents="11" CreationCount="1810"/><InteractionEvent Delta="null" EndDate="2018-12-23 01:17:44.604 GMT" Interest="5.0" Kind="selection" Navigation="null" OriginId="org.eclipse.jdt.ui.CompilationUnitEditor" StartDate="2018-12-23 00:19:46.202 GMT" StructureHandle="=BugTrackerServer/src&amp;lt;server{BugTrackerServer.java[BugTrackerServer[ClientThread~readMessage" StructureKind="java" NumEvents="5" CreationCount="1810"/><InteractionEvent Delta="null" EndDate="2018-12-22 21:42:31.25 GMT" Interest="4.0" Kind="edit" Navigation="null" OriginId="org.eclipse.jdt.ui.CompilationUnitEditor" StartDate="2018-12-22 21:42:26.112 GMT" StructureHandle="=BugTrackerServer/src&amp;lt;server{BugTrackerServer.java[BugTrackerServer[ClientThread~addBug" StructureKind="java" NumEvents="4" CreationCount="18"/><InteractionEvent Delta="null" EndDate="2018-12-23 01:43:09.127 GMT" Interest="25.356003" Kind="manipulation" Navigation="null" OriginId="org.eclipse.mylyn.core.model.interest.decay.correction" StartDate="2018-12-22 21:42:25.290 GMT" StructureHandle="=BugTrackerServer/src&amp;lt;server{BugTrackerServer.java[BugTrackerServer[ClientThread~addBug" StructureKind="java" NumEvents="4" CreationCount="18"/><InteractionEvent Delta="null" EndDate="2018-12-23 01:43:09.127 GMT" Interest="8.0" Kind="selection" Navigation="null" OriginId="org.eclipse.jdt.ui.CompilationUnitEditor" StartDate="2018-12-22 21:20:52.837 GMT" StructureHandle="=BugTrackerServer/src&amp;lt;server{BugTrackerServer.java[BugTrackerServer[ClientThread~addBug" StructureKind="java" NumEvents="8" CreationCount="18"/><InteractionEvent Delta="null" EndDate="2018-12-23 01:52:31.411 GMT" Interest="1.0" Kind="selection" Navigation="null" OriginId="org.eclipse.jdt.ui.CompilationUnitEditor" StartDate="2018-12-23 01:52:31.411 GMT" StructureHandle="=BugTrackerServer/src&amp;lt;server{BugList.java[BugList~getAllBugRecords" StructureKind="java"/><InteractionEvent Delta="null" EndDate="2018-12-22 23:27:35.745 GMT" Interest="4.0" Kind="edit" Navigation="null" OriginId="org.eclipse.jdt.ui.CompilationUnitEditor" StartDate="2018-12-22 23:27:29.958 GMT" StructureHandle="=BugTrackerServer/src&amp;lt;server{Employee.java[Employee^assignedBugId" StructureKind="java" NumEvents="4" CreationCount="1501"/><InteractionEvent Delta="null" EndDate="2018-12-23 02:01:51.621 GMT" Interest="3.1600008" Kind="manipulation" Navigation="null" OriginId="org.eclipse.mylyn.core.model.interest.decay.correction" StartDate="2018-12-23 02:01:51.621 GMT" StructureHandle="=BugTrackerServer/src&amp;lt;server{Employee.java[Employee^assignedBugId" StructureKind="java"/><InteractionEvent Delta="null" EndDate="2018-12-23 02:01:51.621 GMT" Interest="10.0" Kind="selection" Navigation="null" OriginId="org.eclipse.jdt.ui.CompilationUnitEditor" StartDate="2018-12-22 23:27:26.802 GMT" StructureHandle="=BugTrackerServer/src&amp;lt;server{Employee.java[Employee^assignedBugId" StructureKind="java" NumEvents="10" CreationCount="1501"/><InteractionEvent Delta="null" EndDate="2018-12-23 00:06:04.104 GMT" Interest="1.0" Kind="edit" Navigation="null" OriginId="org.eclipse.jdt.ui.CompilationUnitEditor" StartDate="2018-12-23 00:06:04.104 GMT" StructureHandle="=BugTrackerServer/src&amp;lt;server{BugList.java[BugList~loadBugRecords" StructureKind="java"/><InteractionEvent Delta="null" EndDate="2018-12-23 01:52:27.571 GMT" Interest="8.432001" Kind="manipulation" Navigation="null" OriginId="org.eclipse.mylyn.core.model.interest.decay.correction" StartDate="2018-12-23 01:52:27.571 GMT" StructureHandle="=BugTrackerServer/src&amp;lt;server{BugList.java[BugList~loadBugRecords" StructureKind="java"/><InteractionEvent Delta="null" EndDate="2018-12-23 01:52:27.571 GMT" Interest="2.0" Kind="selection" Navigation="null" OriginId="org.eclipse.jdt.ui.CompilationUnitEditor" StartDate="2018-12-23 00:05:55.122 GMT" StructureHandle="=BugTrackerServer/src&amp;lt;server{BugList.java[BugList~loadBugRecords" StructureKind="java" NumEvents="2" CreationCount="1611"/><InteractionEvent Delta="null" EndDate="2018-12-22 22:15:23.31 GMT" Interest="4.0" Kind="edit" Navigation="null" OriginId="org.eclipse.jdt.ui.CompilationUnitEditor" StartDate="2018-12-22 22:13:09.462 GMT" StructureHandle="=BugTrackerServer/src&amp;lt;server{EmployeeList.java[EmployeeList~EmployeeList" StructureKind="java" NumEvents="4" CreationCount="189"/><InteractionEvent Delta="null" EndDate="2018-12-22 22:13:08.537 GMT" Interest="7.486" Kind="manipulation" Navigation="null" OriginId="org.eclipse.mylyn.core.model.interest.decay.correction" StartDate="2018-12-22 21:34:55.210 GMT" StructureHandle="=BugTrackerServer/src&amp;lt;server{EmployeeList.java[EmployeeList~EmployeeList" StructureKind="java" NumEvents="2" CreationCount="189"/><InteractionEvent Delta="null" EndDate="2018-12-22 22:17:19.176 GMT" Interest="6.0" Kind="selection" Navigation="null" OriginId="org.eclipse.jdt.ui.CompilationUnitEditor" StartDate="2018-12-22 21:29:09.751 GMT" StructureHandle="=BugTrackerServer/src&amp;lt;server{EmployeeList.java[EmployeeList~EmployeeList" StructureKind="java" NumEvents="6" CreationCount="189"/><InteractionEvent Delta="null" EndDate="2018-12-22 23:29:08.507 GMT" Interest="286.0" Kind="edit" Navigation="null" OriginId="org.eclipse.jdt.ui.CompilationUnitEditor" StartDate="2018-12-22 21:43:50.56 GMT" StructureHandle="=BugTrackerServer/src&amp;lt;server{EmployeeList.java[EmployeeList~addNewEmployee~QEmployee;" StructureKind="java" NumEvents="286" CreationCount="437"/><InteractionEvent Delta="null" EndDate="2018-12-22 23:28:45.877 GMT" Interest="28.0" Kind="selection" Navigation="null" OriginId="org.eclipse.jdt.ui.CompilationUnitEditor" StartDate="2018-12-22 21:43:39.856 GMT" StructureHandle="=BugTrackerServer/src&amp;lt;server{EmployeeList.java[EmployeeList~addNewEmployee~QEmployee;" StructureKind="java" NumEvents="28" CreationCount="437"/><InteractionEvent Delta="null" EndDate="2018-12-23 01:48:50.359 GMT" Interest="7.0" Kind="edit" Navigation="null" OriginId="org.eclipse.jdt.ui.CompilationUnitEditor" StartDate="2018-12-23 00:12:34.349 GMT" StructureHandle="=BugTrackerServer/src&amp;lt;server{Login.java[Login" StructureKind="java" NumEvents="7" CreationCount="1636"/><InteractionEvent Delta="null" EndDate="2018-12-23 01:20:57.517 GMT" Interest="53.502" Kind="propagation" Navigation="org.eclipse.mylyn.core.model.edges.containment" OriginId="org.eclipse.mylyn.core.model.interest.propagation" StartDate="2018-12-23 00:11:30.798 GMT" StructureHandle="=BugTrackerServer/src&amp;lt;server{Login.java[Login" StructureKind="java" NumEvents="76" CreationCount="1636"/><InteractionEvent Delta="null" EndDate="2018-12-23 02:07:27.305 GMT" Interest="15.0" Kind="selection" Navigation="null" OriginId="org.eclipse.jdt.ui.CompilationUnitEditor" StartDate="2018-12-23 00:11:45.831 GMT" StructureHandle="=BugTrackerServer/src&amp;lt;server{Login.java[Login" StructureKind="java" NumEvents="15" CreationCount="1636"/><InteractionEvent Delta="null" EndDate="2018-12-23 02:15:55.413 GMT" Interest="2.0" Kind="edit" Navigation="null" OriginId="org.eclipse.jdt.ui.CompilationUnitEditor" StartDate="2018-12-23 02:15:53.706 GMT" StructureHandle="=BugTrackerServer/src&amp;lt;server{Register.java" StructureKind="java" NumEvents="2" CreationCount="19"/><InteractionEvent Delta="null" EndDate="2018-12-23 02:06:20.506 GMT" Interest="19.587002" Kind="manipulation" Navigation="null" OriginId="org.eclipse.mylyn.core.model.interest.decay.correction" StartDate="2018-12-23 02:06:20.506 GMT" StructureHandle="=BugTrackerServer/src&amp;lt;server{Register.java" StructureKind="java"/><InteractionEvent Delta="null" EndDate="2018-12-23 02:33:31.218 GMT" Interest="106.46001" Kind="propagation" Navigation="org.eclipse.mylyn.core.model.edges.containment" OriginId="org.eclipse.mylyn.core.model.interest.propagation" StartDate="2018-12-22 21:20:55.498 GMT" StructureHandle="=BugTrackerServer/src&amp;lt;server{Register.java" StructureKind="java" NumEvents="161" CreationCount="19"/><InteractionEvent Delta="null" EndDate="2018-12-23 02:44:09.40 GMT" Interest="35.0" Kind="selection" Navigation="null" OriginId="org.eclipse.jdt.ui.CompilationUnitEditor" StartDate="2018-12-22 21:20:55.472 GMT" StructureHandle="=BugTrackerServer/src&amp;lt;server{Register.java" StructureKind="java" NumEvents="35" CreationCount="19"/><InteractionEvent Delta="null" EndDate="2018-12-23 02:09:29.62 GMT" Interest="1.0" Kind="edit" Navigation="null" OriginId="org.eclipse.jdt.ui.CompilationUnitEditor" StartDate="2018-12-23 02:09:29.62 GMT" StructureHandle="=BugTrackerServer/src&amp;lt;server{ClientThread.java[ClientThread" StructureKind="java"/><InteractionEvent Delta="null" EndDate="2018-12-23 02:43:57.879 GMT" Interest="81.241005" Kind="propagation" Navigation="org.eclipse.mylyn.core.model.edges.containment" OriginId="org.eclipse.mylyn.core.model.interest.propagation" StartDate="2018-12-23 01:49:20.538 GMT" StructureHandle="=BugTrackerServer/src&amp;lt;server{ClientThread.java[ClientThread" StructureKind="java" NumEvents="109" CreationCount="2140"/><InteractionEvent Delta="null" EndDate="2018-12-23 02:15:10.760 GMT" Interest="4.0" Kind="selection" Navigation="null" OriginId="org.eclipse.jdt.ui.CompilationUnitEditor" StartDate="2018-12-23 01:47:44.87 GMT" StructureHandle="=BugTrackerServer/src&amp;lt;server{ClientThread.java[ClientThread" StructureKind="java" NumEvents="4" CreationCount="2140"/><InteractionEvent Delta="null" EndDate="2018-12-23 01:50:48.223 GMT" Interest="1.0" Kind="selection" Navigation="null" OriginId="org.eclipse.jdt.ui.CompilationUnitEditor" StartDate="2018-12-23 01:50:48.223 GMT" StructureHandle="=BugTrackerServer/src&amp;lt;server{ClientThread.java[ClientThread^message" StructureKind="java"/><InteractionEvent Delta="null" EndDate="2018-12-22 23:24:48.636 GMT" Interest="40.0" Kind="edit" Navigation="null" OriginId="org.eclipse.jdt.ui.CompilationUnitEditor" StartDate="2018-12-22 23:21:14.287 GMT" StructureHandle="=BugTrackerServer/src&amp;lt;server{Employee.java[Employee~toString" StructureKind="java" NumEvents="40" CreationCount="1381"/><InteractionEvent Delta="null" EndDate="2018-12-22 23:27:22.771 GMT" Interest="10.0" Kind="selection" Navigation="null" OriginId="org.eclipse.jdt.ui.CompilationUnitEditor" StartDate="2018-12-22 23:19:35.640 GMT" StructureHandle="=BugTrackerServer/src&amp;lt;server{Employee.java[Employee~toString" StructureKind="java" NumEvents="10" CreationCount="1381"/><InteractionEvent Delta="null" EndDate="2018-12-23 02:44:17.198 GMT" Interest="2889.0" Kind="propagation" Navigation="org.eclipse.mylyn.core.model.edges.containment" OriginId="org.eclipse.mylyn.core.model.interest.propagation" StartDate="2018-12-22 21:20:15.244 GMT" StructureHandle="=BugTrackerServer" StructureKind="resource" NumEvents="2890" CreationCount="1"/><InteractionEvent Delta="null" EndDate="2018-12-23 01:24:37.711 GMT" Interest="28.0" Kind="edit" Navigation="null" OriginId="org.eclipse.ui.DefaultTextEditor" StartDate="2018-12-22 23:29:26.78 GMT" StructureHandle="/BugTrackerServer/employeeList.dat" StructureKind="resource" NumEvents="28" CreationCount="1532"/><InteractionEvent Delta="null" EndDate="2018-12-22 23:29:06.440 GMT" Interest="1.0" Kind="propagation" Navigation="null" OriginId="org.eclipse.mylyn.resources.ui.interest.updater" StartDate="2018-12-22 23:29:06.440 GMT" StructureHandle="/BugTrackerServer/employeeList.dat" StructureKind="resource"/><InteractionEvent Delta="null" EndDate="2018-12-23 01:25:53.326 GMT" Interest="23.0" Kind="selection" Navigation="null" OriginId="org.eclipse.jdt.ui.PackageExplorer" StartDate="2018-12-22 23:29:26.74 GMT" StructureHandle="/BugTrackerServer/employeeList.dat" StructureKind="resource" NumEvents="23" CreationCount="1532"/><InteractionEvent Delta="null" EndDate="2018-12-23 02:16:56.978 GMT" Interest="31.0" Kind="propagation" Navigation="null" OriginId="org.eclipse.jdt.ui.CompilationUnitEditor" StartDate="2018-12-23 01:54:01.449 GMT" StructureHandle="/BugTrackerServer/src/server/BugsData.java" StructureKind="resource" NumEvents="31" CreationCount="2225"/><InteractionEvent Delta="null" EndDate="2018-12-23 02:43:17.350 GMT" Interest="46.0" Kind="propagation" Navigation="null" OriginId="org.eclipse.jdt.ui.CompilationUnitEditor" StartDate="2018-12-23 01:54:24.868 GMT" StructureHandle="/BugTrackerServer/src/server/EmployeeData.java" StructureKind="resource" NumEvents="46" CreationCount="2229"/><InteractionEvent Delta="null" EndDate="2018-12-23 02:32:36.205 GMT" Interest="142.0" Kind="edit" Navigation="null" OriginId="org.eclipse.jdt.ui.CompilationUnitEditor" StartDate="2018-12-23 02:19:12.120 GMT" StructureHandle="=BugTrackerServer/src&amp;lt;server{Register.java[Register~isEmployeeValid~QEmployee;" StructureKind="java" NumEvents="142" CreationCount="2610"/><InteractionEvent Delta="null" EndDate="2018-12-23 02:44:17.198 GMT" Interest="12.0" Kind="selection" Navigation="null" OriginId="org.eclipse.jdt.ui.CompilationUnitEditor" StartDate="2018-12-23 02:17:55.772 GMT" StructureHandle="=BugTrackerServer/src&amp;lt;server{Register.java[Register~isEmployeeValid~QEmployee;" StructureKind="java" NumEvents="12" CreationCount="2610"/></InteractionHistory>